,Plate Type,Comment,Date/Time of Image,Dilution,Technician,Red Raw Count
2,AC,,2020-11-17 08:56:12,1 : 100,SYSTEM ADMINISTRATOR,134
3,AC,,2020-11-17 08:57:36,1 : 100,SYSTEM ADMINISTRATOR,155
4,AC,,2020-11-17 08:58:09,1 : 100,SYSTEM ADMINISTRATOR,147
5,AC,,2020-11-17 08:58:36,1 : 100,SYSTEM ADMINISTRATOR,144
6,AC,,2020-11-17 08:58:57,1 : 100,SYSTEM ADMINISTRATOR,126
7,AC,,2020-11-17 08:59:29,1 : 100,SYSTEM ADMINISTRATOR,142
8,AC,,2020-11-17 08:59:48,1 : 100,SYSTEM ADMINISTRATOR,136
9,AC,,2020-11-17 09:00:09,1 : 100,SYSTEM ADMINISTRATOR,130
10,AC,,2020-11-17 09:00:29,1 : 100,SYSTEM ADMINISTRATOR,134
11,AC,,2020-11-17 09:00:47,1 : 100,SYSTEM ADMINISTRATOR,133
13,AC,,2020-12-10 04:02:06,1 : 1,SYSTEM ADMINISTRATOR,0
14,AC,,2020-12-10 04:04:42,1 : 1,SYSTEM ADMINISTRATOR,0
15,AC,,2020-12-10 04:05:31,1 : 1,SYSTEM ADMINISTRATOR,0
17,AC,,2020-12-10 04:11:13,1 : 1,SYSTEM ADMINISTRATOR,10
18,AC,,2020-12-10 04:11:43,1 : 1,SYSTEM ADMINISTRATOR,57
19,AC,,2020-12-10 04:12:01,1 : 1,SYSTEM ADMINISTRATOR,101
20,AC,,2020-12-10 04:13:22,1 : 1,SYSTEM ADMINISTRATOR,16
21,AC,,2020-12-10 04:14:05,1 : 1,SYSTEM ADMINISTRATOR,909
22,AC,,2020-12-10 04:14:50,1 : 1,SYSTEM ADMINISTRATOR,98
23,AC,,2020-12-10 04:15:36,1 : 1,SYSTEM ADMINISTRATOR,220
24,AC,,2020-12-10 04:15:57,1 : 1,SYSTEM ADMINISTRATOR,859
25,AC,,2020-12-10 04:17:39,1 : 1,SYSTEM ADMINISTRATOR,86
26,AC,,2020-12-10 04:18:22,1 : 1,SYSTEM ADMINISTRATOR,684
27,AC,,2020-12-10 04:19:08,1 : 1,SYSTEM ADMINISTRATOR,57
28,AC,,2020-12-10 04:19:47,1 : 1,SYSTEM ADMINISTRATOR,490
29,AC,,2020-12-10 04:23:30,1 : 1,SYSTEM ADMINISTRATOR,8
30,AC,,2020-12-10 04:23:53,1 : 1,SYSTEM ADMINISTRATOR,61
31,AC,,2020-12-10 04:24:11,1 : 1,SYSTEM ADMINISTRATOR,11
32,AC,,2020-12-10 04:24:44,1 : 1,SYSTEM ADMINISTRATOR,105
33,AC,,2020-12-10 04:25:07,1 : 1,SYSTEM ADMINISTRATOR,93
34,AC,,2020-12-10 04:25:21,1 : 1,SYSTEM ADMINISTRATOR,891
35,AC,,2020-12-10 04:25:36,1 : 1,SYSTEM ADMINISTRATOR,204
36,AC,,2020-12-10 04:25:52,1 : 1,SYSTEM ADMINISTRATOR,838
37,AC,,2020-12-10 04:26:11,1 : 1,SYSTEM ADMINISTRATOR,74
38,AC,,2020-12-10 04:26:29,1 : 1,SYSTEM ADMINISTRATOR,730
39,AC,,2020-12-10 04:26:47,1 : 1,SYSTEM ADMINISTRATOR,48
40,AC,,2020-12-10 04:27:00,1 : 1,SYSTEM ADMINISTRATOR,443
42,AC,,2020-12-18 11:38:02,1 : 1,SYSTEM ADMINISTRATOR,61
44,AC,,2021-02-01 04:39:58,1 : 1,SYSTEM ADMINISTRATOR,95
45,AC,,2021-02-01 04:40:25,1 : 1,SYSTEM ADMINISTRATOR,508
46,AC,,2021-02-01 04:40:53,1 : 1,SYSTEM ADMINISTRATOR,17
47,AC,,2021-02-01 04:41:08,1 : 1,SYSTEM ADMINISTRATOR,105
48,AC,,2021-02-01 04:41:32,1 : 1,SYSTEM ADMINISTRATOR,646
49,AC,,2021-02-01 04:41:49,1 : 1,SYSTEM ADMINISTRATOR,76
50,AC,,2021-02-01 04:42:10,1 : 1,SYSTEM ADMINISTRATOR,771
51,AC,,2021-02-01 04:42:24,1 : 1,SYSTEM ADMINISTRATOR,135
52,AC,,2021-02-01 04:43:00,1 : 1,SYSTEM ADMINISTRATOR,110
53,AC,,2021-02-01 04:43:13,1 : 1,SYSTEM ADMINISTRATOR,7
54,AC,,2021-02-01 04:43:36,1 : 1,SYSTEM ADMINISTRATOR,999
55,AC,,2021-02-01 04:43:54,1 : 1,SYSTEM ADMINISTRATOR,139
56,AC,,2021-02-01 04:44:26,1 : 1,SYSTEM ADMINISTRATOR,160
57,AC,,2021-02-01 04:44:39,1 : 1,SYSTEM ADMINISTRATOR,999
58,AC,,2021-02-01 04:45:02,1 : 1,SYSTEM ADMINISTRATOR,110
59,AC,,2021-02-01 04:45:10,1 : 1,SYSTEM ADMINISTRATOR,808
60,AC,,2021-02-01 04:45:34,1 : 1,SYSTEM ADMINISTRATOR,515
61,AC,,2021-02-01 04:45:46,1 : 1,SYSTEM ADMINISTRATOR,999
62,AC,,2021-02-01 04:46:20,1 : 1,SYSTEM ADMINISTRATOR,448
63,AC,,2021-02-01 04:46:41,1 : 1,SYSTEM ADMINISTRATOR,999
64,AC,,2021-02-01 04:47:09,1 : 1,SYSTEM ADMINISTRATOR,999
65,AC,,2021-02-01 04:47:22,1 : 1,SYSTEM ADMINISTRATOR,186
66,AC,,2021-02-01 04:47:40,1 : 1,SYSTEM ADMINISTRATOR,146
67,AC,,2021-02-01 04:48:05,1 : 1,SYSTEM ADMINISTRATOR,983
69,AC,,2021-02-13 11:10:42,1 : 1,SYSTEM ADMINISTRATOR,16
70,AC,,2021-02-13 11:11:03,1 : 1,SYSTEM ADMINISTRATOR,149
71,AC,,2021-02-13 11:11:20,1 : 1,SYSTEM ADMINISTRATOR,17
72,AC,,2021-02-13 11:11:43,1 : 1,SYSTEM ADMINISTRATOR,191
73,AC,,2021-02-13 11:12:03,1 : 1,SYSTEM ADMINISTRATOR,24
74,AC,,2021-02-13 11:12:19,1 : 1,SYSTEM ADMINISTRATOR,214
75,AC,,2021-02-13 11:12:36,1 : 1,SYSTEM ADMINISTRATOR,11
76,AC,,2021-02-13 11:12:50,1 : 1,SYSTEM ADMINISTRATOR,161
77,AC,,2021-02-13 11:13:08,1 : 1,SYSTEM ADMINISTRATOR,30
78,AC,,2021-02-13 11:13:22,1 : 1,SYSTEM ADMINISTRATOR,230
79,AC,,2021-02-13 11:13:39,1 : 1,SYSTEM ADMINISTRATOR,10
80,AC,,2021-02-13 11:13:54,1 : 1,SYSTEM ADMINISTRATOR,107
81,AC,,2021-02-13 11:14:07,1 : 1,SYSTEM ADMINISTRATOR,20
82,AC,,2021-02-13 11:14:22,1 : 1,SYSTEM ADMINISTRATOR,207
83,AC,,2021-02-13 11:14:35,1 : 1,SYSTEM ADMINISTRATOR,12
84,AC,,2021-02-13 11:14:50,1 : 1,SYSTEM ADMINISTRATOR,131
85,AC,,2021-02-13 11:15:07,1 : 1,SYSTEM ADMINISTRATOR,3
86,AC,,2021-02-13 11:15:18,1 : 1,SYSTEM ADMINISTRATOR,30
87,AC,,2021-02-13 11:15:32,1 : 1,SYSTEM ADMINISTRATOR,33
88,AC,,2021-02-13 11:15:45,1 : 1,SYSTEM ADMINISTRATOR,284
89,AC,,2021-02-13 11:16:36,1 : 1,SYSTEM ADMINISTRATOR,33
90,AC,,2021-02-13 11:16:57,1 : 1,SYSTEM ADMINISTRATOR,5
91,AC,,2021-02-13 11:17:09,1 : 1,SYSTEM ADMINISTRATOR,34
92,AC,,2021-02-13 11:17:25,1 : 1,SYSTEM ADMINISTRATOR,8
93,AC,,2021-02-13 11:17:41,1 : 1,SYSTEM ADMINISTRATOR,78
94,AC,,2021-02-13 11:17:57,1 : 1,SYSTEM ADMINISTRATOR,10
95,AC,,2021-02-13 11:18:09,1 : 1,SYSTEM ADMINISTRATOR,96
96,AC,,2021-02-13 11:18:25,1 : 1,SYSTEM ADMINISTRATOR,26
97,AC,,2021-02-13 11:18:42,1 : 1,SYSTEM ADMINISTRATOR,287
98,AC,,2021-02-13 11:19:01,1 : 1,SYSTEM ADMINISTRATOR,29
99,AC,,2021-02-13 11:19:14,1 : 1,SYSTEM ADMINISTRATOR,239
101,AC,,2021-03-06 02:53:11,1 : 1,SYSTEM ADMINISTRATOR,441
102,AC,,2021-03-06 02:56:56,1 : 100,SYSTEM ADMINISTRATOR,443
103,AC,,2021-03-06 02:57:24,1 : 1,SYSTEM ADMINISTRATOR,49
104,AC,,2021-03-06 02:57:39,1 : 1,SYSTEM ADMINISTRATOR,190
105,AC,,2021-03-06 02:58:00,1 : 1,SYSTEM ADMINISTRATOR,21
106,AC,,2021-03-06 02:58:58,1 : 1,SYSTEM ADMINISTRATOR,271
107,AC,,2021-03-06 02:59:28,1 : 1,SYSTEM ADMINISTRATOR,19
108,AC,,2021-03-06 03:00:00,1 : 1,SYSTEM ADMINISTRATOR,6
109,AC,,2021-03-06 03:00:55,1 : 1,SYSTEM ADMINISTRATOR,673
110,AC,,2021-03-06 03:01:17,1 : 1,SYSTEM ADMINISTRATOR,686
111,AC,,2021-03-06 03:01:44,1 : 1,SYSTEM ADMINISTRATOR,82
112,AC,,2021-03-06 03:02:06,1 : 1,SYSTEM ADMINISTRATOR,48
113,AC,,2021-03-06 03:02:34,1 : 1,SYSTEM ADMINISTRATOR,3
115,AC,,2021-03-06 04:08:08,1 : 100,SYSTEM ADMINISTRATOR,139
116,RAC,,2021-03-06 04:14:08,1 : 1,SYSTEM ADMINISTRATOR,999
117,RAC,,2021-03-06 04:14:30,1 : 1,SYSTEM ADMINISTRATOR,999
118,RAC,,2021-03-06 04:14:52,1 : 1,SYSTEM ADMINISTRATOR,196
119,RAC,,2021-03-06 04:15:20,1 : 1,SYSTEM ADMINISTRATOR,29
120,RAC,,2021-03-06 04:15:39,1 : 1,SYSTEM ADMINISTRATOR,31
121,RAC,,2021-03-06 04:15:54,1 : 1,SYSTEM ADMINISTRATOR,32
122,RAC,,2021-03-06 04:16:14,1 : 1,SYSTEM ADMINISTRATOR,53
123,RAC,,2021-03-06 04:16:52,1 : 1,SYSTEM ADMINISTRATOR,209
124,RAC,,2021-03-06 04:17:52,1 : 1,SYSTEM ADMINISTRATOR,113
125,RAC,,2021-03-06 04:18:12,1 : 1,SYSTEM ADMINISTRATOR,16
126,RAC,,2021-03-06 04:18:34,1 : 1,SYSTEM ADMINISTRATOR,113
127,AC,,2021-03-06 04:18:45,1 : 1,SYSTEM ADMINISTRATOR,141
129,AC,,2021-03-07 01:07:13,1 : 1,SYSTEM ADMINISTRATOR,0
130,AC,,2021-03-07 01:07:18,1 : 1,SYSTEM ADMINISTRATOR,0
131,AC,,2021-03-07 01:07:23,1 : 1,SYSTEM ADMINISTRATOR,0
132,AC,,2021-03-07 01:07:27,1 : 1,SYSTEM ADMINISTRATOR,0
133,AC,,2021-03-07 01:07:32,1 : 1,SYSTEM ADMINISTRATOR,1
134,AC,,2021-03-07 01:07:41,1 : 1,SYSTEM ADMINISTRATOR,1
136,AC,,2021-03-07 01:28:02,1 : 1,SYSTEM ADMINISTRATOR,0
137,AC,,2021-03-07 01:28:13,1 : 1,SYSTEM ADMINISTRATOR,0
138,AC,,2021-03-07 01:28:52,1 : 1,SYSTEM ADMINISTRATOR,0
139,AC,,2021-03-07 01:29:09,1 : 1,SYSTEM ADMINISTRATOR,217
140,AC,,2021-03-07 01:29:29,1 : 1,SYSTEM ADMINISTRATOR,34
141,AC,,2021-03-07 01:29:46,1 : 1,SYSTEM ADMINISTRATOR,10
142,AC,,2021-03-07 01:30:01,1 : 1,SYSTEM ADMINISTRATOR,0
143,AC,,2021-03-07 01:30:12,1 : 1,SYSTEM ADMINISTRATOR,27
144,AC,,2021-03-07 01:30:27,1 : 1,SYSTEM ADMINISTRATOR,1
145,AC,,2021-03-07 01:30:39,1 : 1,SYSTEM ADMINISTRATOR,161
146,AC,,2021-03-07 01:30:53,1 : 1,SYSTEM ADMINISTRATOR,17
147,AC,,2021-03-07 01:31:06,1 : 1,SYSTEM ADMINISTRATOR,28
148,AC,,2021-03-07 01:31:19,1 : 1,SYSTEM ADMINISTRATOR,3
149,AC,,2021-03-07 01:31:32,1 : 1,SYSTEM ADMINISTRATOR,67
150,AC,,2021-03-07 01:31:45,1 : 1,SYSTEM ADMINISTRATOR,16
151,AC,,2021-03-07 01:32:01,1 : 1,SYSTEM ADMINISTRATOR,760
152,AC,,2021-03-07 01:32:18,1 : 1,SYSTEM ADMINISTRATOR,143
153,AC,,2021-03-07 01:32:31,1 : 1,SYSTEM ADMINISTRATOR,87
154,AC,,2021-03-07 01:32:42,1 : 1,SYSTEM ADMINISTRATOR,9
155,AC,,2021-03-07 01:32:53,1 : 1,SYSTEM ADMINISTRATOR,75
156,AC,,2021-03-07 01:33:07,1 : 1,SYSTEM ADMINISTRATOR,8
158,AC,,2021-04-09 04:00:51,1 : 1,SYSTEM ADMINISTRATOR,1
159,AC,,2021-04-09 04:01:04,1 : 1,SYSTEM ADMINISTRATOR,0
160,AC,,2021-04-09 04:01:49,1 : 1,SYSTEM ADMINISTRATOR,0
161,AC,,2021-04-09 04:02:05,1 : 1,SYSTEM ADMINISTRATOR,0
162,AC,,2021-04-09 04:02:24,1 : 1,SYSTEM ADMINISTRATOR,0
163,AC,,2021-04-09 04:03:01,1 : 1,SYSTEM ADMINISTRATOR,1
164,AC,,2021-04-09 04:03:10,1 : 1,SYSTEM ADMINISTRATOR,1
165,AC,,2021-04-09 04:03:26,1 : 1,SYSTEM ADMINISTRATOR,0
166,AC,,2021-04-09 04:03:37,1 : 1,SYSTEM ADMINISTRATOR,0
167,AC,,2021-04-09 04:03:49,1 : 1,SYSTEM ADMINISTRATOR,999
168,AC,,2021-04-09 04:04:32,1 : 1,SYSTEM ADMINISTRATOR,1
169,AC,,2021-04-09 04:04:56,1 : 1,SYSTEM ADMINISTRATOR,4
170,AC,,2021-04-09 04:05:13,1 : 1,SYSTEM ADMINISTRATOR,1
171,AC,,2021-04-09 04:05:27,1 : 1,SYSTEM ADMINISTRATOR,0
172,AC,,2021-04-09 04:05:35,1 : 1,SYSTEM ADMINISTRATOR,1
173,AC,,2021-04-09 04:05:55,1 : 1,SYSTEM ADMINISTRATOR,0
174,AC,,2021-04-09 04:06:18,1 : 1,SYSTEM ADMINISTRATOR,5
175,AC,,2021-04-09 04:06:36,1 : 1,SYSTEM ADMINISTRATOR,1
176,AC,,2021-04-09 04:06:48,1 : 1,SYSTEM ADMINISTRATOR,6
177,AC,,2021-04-09 04:06:58,1 : 1,SYSTEM ADMINISTRATOR,1
178,AC,,2021-04-09 04:07:23,1 : 1,SYSTEM ADMINISTRATOR,3
179,AC,,2021-04-09 04:07:43,1 : 1,SYSTEM ADMINISTRATOR,1
180,AC,,2021-04-09 04:08:03,1 : 1,SYSTEM ADMINISTRATOR,1
181,AC,,2021-04-09 04:08:38,1 : 1,SYSTEM ADMINISTRATOR,0
182,AC,,2021-04-09 04:09:00,1 : 1,SYSTEM ADMINISTRATOR,358
183,AC,,2021-04-09 04:09:13,1 : 1,SYSTEM ADMINISTRATOR,38
184,AC,,2021-04-09 04:09:26,1 : 1,SYSTEM ADMINISTRATOR,3
185,AC,,2021-04-09 04:09:39,1 : 1,SYSTEM ADMINISTRATOR,1
186,AC,,2021-04-09 04:09:55,1 : 1,SYSTEM ADMINISTRATOR,1
187,AC,,2021-04-09 04:10:11,1 : 1,SYSTEM ADMINISTRATOR,0
188,AC,,2021-04-09 04:10:21,1 : 1,SYSTEM ADMINISTRATOR,1
189,AC,,2021-04-09 04:10:51,1 : 1,SYSTEM ADMINISTRATOR,1
190,AC,,2021-04-09 04:11:03,1 : 1,SYSTEM ADMINISTRATOR,999
191,AC,,2021-04-09 04:11:27,1 : 1,SYSTEM ADMINISTRATOR,8
192,AC,,2021-04-09 04:12:13,1 : 1,SYSTEM ADMINISTRATOR,4
193,AC,,2021-04-09 04:13:57,1 : 1,SYSTEM ADMINISTRATOR,3
194,AC,,2021-04-09 04:14:20,1 : 1,SYSTEM ADMINISTRATOR,153
195,AC,,2021-04-09 04:14:37,1 : 1,SYSTEM ADMINISTRATOR,18
197,AC,,2021-04-22 02:04:08,1 : 1,SYSTEM ADMINISTRATOR,194
198,AC,,2021-04-22 02:18:11,1 : 1,SYSTEM ADMINISTRATOR,0
199,AC,,2021-04-22 02:19:57,1 : 1,SYSTEM ADMINISTRATOR,0
202,AC,,2021-04-22 03:30:14,1 : 1,SYSTEM ADMINISTRATOR,209
203,AC,,2021-04-22 03:30:42,1 : 1,SYSTEM ADMINISTRATOR,248
205,AC,,2021-05-21 01:46:37,1 : 1,SYSTEM ADMINISTRATOR,212
206,AC,,2021-05-21 01:47:00,1 : 1,SYSTEM ADMINISTRATOR,36
207,AC,,2021-05-21 01:47:13,1 : 1,SYSTEM ADMINISTRATOR,365
208,AC,,2021-05-21 01:48:04,1 : 1,SYSTEM ADMINISTRATOR,999
209,AC,,2021-05-21 01:48:52,1 : 1,SYSTEM ADMINISTRATOR,893
210,AC,,2021-05-21 01:49:20,1 : 1,SYSTEM ADMINISTRATOR,149
211,AC,,2021-05-21 01:49:45,1 : 1,SYSTEM ADMINISTRATOR,0
212,AC,,2021-05-21 01:49:53,1 : 1,SYSTEM ADMINISTRATOR,0
214,AC,,2021-05-21 01:55:50,1 : 1,SYSTEM ADMINISTRATOR,717
215,AC,,2021-05-21 01:56:11,1 : 1,SYSTEM ADMINISTRATOR,113
216,AC,,2021-05-21 01:56:23,1 : 1,SYSTEM ADMINISTRATOR,616
217,AC,,2021-05-21 01:56:39,1 : 1,SYSTEM ADMINISTRATOR,92
218,AC,,2021-05-21 01:56:52,1 : 1,SYSTEM ADMINISTRATOR,367
219,AC,,2021-05-21 01:57:21,1 : 1,SYSTEM ADMINISTRATOR,294
221,AC,,2021-05-29 12:29:40,1 : 1,SYSTEM ADMINISTRATOR,632
222,AC,,2021-05-29 12:30:04,1 : 1,SYSTEM ADMINISTRATOR,180
223,AC,,2021-05-29 12:30:29,1 : 1,SYSTEM ADMINISTRATOR,0
224,AC,,2021-05-29 12:32:39,1 : 1,SYSTEM ADMINISTRATOR,0
225,AC,,2021-05-29 12:33:00,1 : 1,SYSTEM ADMINISTRATOR,0
226,AC,,2021-05-29 12:33:18,1 : 1,SYSTEM ADMINISTRATOR,2
227,AC,,2021-05-29 12:33:41,1 : 1,SYSTEM ADMINISTRATOR,0
228,AC,,2021-05-29 12:33:47,1 : 1,SYSTEM ADMINISTRATOR,0
229,AC,,2021-05-29 12:34:13,1 : 1,SYSTEM ADMINISTRATOR,1
230,AC,,2021-05-29 12:34:37,1 : 1,SYSTEM ADMINISTRATOR,40
231,AC,,2021-05-29 12:34:55,1 : 1,SYSTEM ADMINISTRATOR,2
232,AC,,2021-05-29 12:35:10,1 : 1,SYSTEM ADMINISTRATOR,22
233,AC,,2021-05-29 12:35:32,1 : 1,SYSTEM ADMINISTRATOR,1
234,AC,,2021-05-29 12:35:45,1 : 1,SYSTEM ADMINISTRATOR,150
235,AC,,2021-05-29 12:36:05,1 : 1,SYSTEM ADMINISTRATOR,16
236,AC,,2021-05-29 12:36:20,1 : 1,SYSTEM ADMINISTRATOR,31
237,AC,,2021-05-29 12:36:39,1 : 1,SYSTEM ADMINISTRATOR,4
238,AC,,2021-05-29 12:36:54,1 : 1,SYSTEM ADMINISTRATOR,24
239,AC,,2021-05-29 12:37:10,1 : 1,SYSTEM ADMINISTRATOR,3
240,AC,,2021-05-29 12:37:32,1 : 1,SYSTEM ADMINISTRATOR,125
241,AC,,2021-05-29 12:37:50,1 : 1,SYSTEM ADMINISTRATOR,12
242,AC,,2021-05-29 12:38:05,1 : 1,SYSTEM ADMINISTRATOR,12
243,AC,,2021-05-29 12:38:27,1 : 1,SYSTEM ADMINISTRATOR,2
244,AC,,2021-05-29 12:38:46,1 : 1,SYSTEM ADMINISTRATOR,2
245,AC,,2021-05-29 12:39:01,1 : 1,SYSTEM ADMINISTRATOR,1
246,AC,,2021-05-29 12:39:24,1 : 1,SYSTEM ADMINISTRATOR,13
247,AC,,2021-05-29 12:39:39,1 : 1,SYSTEM ADMINISTRATOR,3
248,AC,,2021-05-29 12:40:08,1 : 1,SYSTEM ADMINISTRATOR,9
249,AC,,2021-05-29 12:40:19,1 : 1,SYSTEM ADMINISTRATOR,1
250,AC,,2021-05-29 12:40:30,1 : 1,SYSTEM ADMINISTRATOR,19
251,AC,,2021-05-29 12:40:42,1 : 1,SYSTEM ADMINISTRATOR,3
252,AC,,2021-05-29 12:40:53,1 : 1,SYSTEM ADMINISTRATOR,23
253,AC,,2021-05-29 12:41:10,1 : 1,SYSTEM ADMINISTRATOR,5
254,AC,,2021-05-29 12:41:22,1 : 1,SYSTEM ADMINISTRATOR,17
255,AC,,2021-05-29 12:41:33,1 : 1,SYSTEM ADMINISTRATOR,2
256,AC,,2021-05-29 12:41:45,1 : 1,SYSTEM ADMINISTRATOR,42
257,AC,,2021-05-29 12:41:52,1 : 1,SYSTEM ADMINISTRATOR,4
258,AC,,2021-05-29 12:42:05,1 : 1,SYSTEM ADMINISTRATOR,8
259,AC,,2021-05-29 12:42:19,1 : 1,SYSTEM ADMINISTRATOR,1
260,AC,,2021-05-29 12:42:31,1 : 1,SYSTEM ADMINISTRATOR,6
261,AC,,2021-05-29 12:42:47,1 : 1,SYSTEM ADMINISTRATOR,0
262,AC,,2021-05-29 12:42:59,1 : 1,SYSTEM ADMINISTRATOR,7
263,AC,,2021-05-29 12:43:10,1 : 1,SYSTEM ADMINISTRATOR,3
264,AC,,2021-05-29 12:43:23,1 : 1,SYSTEM ADMINISTRATOR,64
265,AC,,2021-05-29 12:43:36,1 : 1,SYSTEM ADMINISTRATOR,8
266,AC,,2021-05-30 02:17:48,1 : 1,SYSTEM ADMINISTRATOR,7
267,AC,,2021-05-30 02:18:02,1 : 1,SYSTEM ADMINISTRATOR,0
268,AC,,2021-05-30 02:18:12,1 : 1,SYSTEM ADMINISTRATOR,13
269,AC,,2021-05-30 02:18:25,1 : 1,SYSTEM ADMINISTRATOR,3
270,AC,,2021-05-30 02:18:36,1 : 1,SYSTEM ADMINISTRATOR,128
271,AC,,2021-05-30 02:18:49,1 : 1,SYSTEM ADMINISTRATOR,15
272,AC,,2021-05-30 02:19:01,1 : 1,SYSTEM ADMINISTRATOR,17
273,AC,,2021-05-30 02:19:14,1 : 1,SYSTEM ADMINISTRATOR,0
274,AC,,2021-05-30 02:19:24,1 : 1,SYSTEM ADMINISTRATOR,31
275,AC,,2021-05-30 02:19:38,1 : 1,SYSTEM ADMINISTRATOR,10
276,AC,,2021-05-30 02:19:48,1 : 1,SYSTEM ADMINISTRATOR,33
277,AC,,2021-05-30 02:20:09,1 : 1,SYSTEM ADMINISTRATOR,1
278,AC,,2021-05-30 02:20:23,1 : 1,SYSTEM ADMINISTRATOR,4
279,AC,,2021-05-30 02:20:34,1 : 1,SYSTEM ADMINISTRATOR,0
280,AC,,2021-05-30 02:20:45,1 : 1,SYSTEM ADMINISTRATOR,0
281,AC,,2021-05-30 02:20:56,1 : 1,SYSTEM ADMINISTRATOR,0
282,AC,,2021-05-30 02:21:06,1 : 1,SYSTEM ADMINISTRATOR,0
283,AC,,2021-05-30 02:21:18,1 : 1,SYSTEM ADMINISTRATOR,450
284,AC,,2021-05-30 02:21:51,1 : 1,SYSTEM ADMINISTRATOR,243
285,AC,,2021-05-30 02:22:03,1 : 1,SYSTEM ADMINISTRATOR,112
286,AC,,2021-05-30 02:22:15,1 : 1,SYSTEM ADMINISTRATOR,8
287,AC,,2021-05-30 02:22:24,1 : 1,SYSTEM ADMINISTRATOR,75
288,AC,,2021-05-30 02:22:35,1 : 1,SYSTEM ADMINISTRATOR,6
289,AC,,2021-05-30 02:22:44,1 : 1,SYSTEM ADMINISTRATOR,2
290,AC,,2021-05-30 02:22:54,1 : 1,SYSTEM ADMINISTRATOR,1
291,AC,,2021-05-30 02:23:02,1 : 1,SYSTEM ADMINISTRATOR,185
292,AC,,2021-05-30 02:23:14,1 : 1,SYSTEM ADMINISTRATOR,25
293,AC,,2021-05-30 02:23:27,1 : 1,SYSTEM ADMINISTRATOR,47
294,AC,,2021-05-30 02:23:38,1 : 1,SYSTEM ADMINISTRATOR,3
295,AC,,2021-05-30 02:23:48,1 : 1,SYSTEM ADMINISTRATOR,6
296,AC,,2021-05-30 02:24:02,1 : 1,SYSTEM ADMINISTRATOR,5
297,AC,,2021-05-30 02:24:14,1 : 1,SYSTEM ADMINISTRATOR,43
298,AC,,2021-05-30 02:24:24,1 : 1,SYSTEM ADMINISTRATOR,4
300,AC,,2021-06-03 03:22:10,1 : 1,SYSTEM ADMINISTRATOR,2
301,AC,,2021-06-03 03:22:49,1 : 1,SYSTEM ADMINISTRATOR,0
302,AC,,2021-06-03 03:23:09,1 : 1,SYSTEM ADMINISTRATOR,573
303,AC,,2021-06-03 03:23:38,1 : 1,SYSTEM ADMINISTRATOR,999
304,AC,,2021-06-03 03:25:19,1 : 1,SYSTEM ADMINISTRATOR,293
305,AC,,2021-06-03 03:26:20,1 : 1,SYSTEM ADMINISTRATOR,464
306,AC,,2021-06-03 03:26:44,1 : 1,SYSTEM ADMINISTRATOR,999
307,AC,,2021-06-03 03:27:12,1 : 1,SYSTEM ADMINISTRATOR,558
308,AC,,2021-06-03 03:27:35,1 : 1,SYSTEM ADMINISTRATOR,942
309,AC,,2021-06-03 03:27:56,1 : 1,SYSTEM ADMINISTRATOR,131
311,AC,,2021-06-26 12:46:32,1 : 1,SYSTEM ADMINISTRATOR,4
312,AC,,2021-06-26 12:46:52,1 : 1,SYSTEM ADMINISTRATOR,1
313,AC,,2021-06-26 12:47:04,1 : 1,SYSTEM ADMINISTRATOR,49
314,AC,,2021-06-26 12:47:17,1 : 1,SYSTEM ADMINISTRATOR,2
315,AC,,2021-06-26 12:47:27,1 : 1,SYSTEM ADMINISTRATOR,17
316,AC,,2021-06-26 12:47:37,1 : 1,SYSTEM ADMINISTRATOR,1
317,AC,,2021-06-26 12:47:49,1 : 1,SYSTEM ADMINISTRATOR,46
318,AC,,2021-06-26 12:48:01,1 : 1,SYSTEM ADMINISTRATOR,4
319,AC,,2021-06-26 12:48:12,1 : 1,SYSTEM ADMINISTRATOR,12
320,AC,,2021-06-26 12:48:22,1 : 1,SYSTEM ADMINISTRATOR,2
321,AC,,2021-06-26 12:48:32,1 : 1,SYSTEM ADMINISTRATOR,613
322,AC,,2021-06-26 12:48:42,1 : 1,SYSTEM ADMINISTRATOR,71
323,AC,,2021-06-26 12:48:52,1 : 1,SYSTEM ADMINISTRATOR,11
324,AC,,2021-06-26 12:49:07,1 : 1,SYSTEM ADMINISTRATOR,2
325,AC,,2021-06-26 12:49:19,1 : 1,SYSTEM ADMINISTRATOR,61
326,AC,,2021-06-26 12:49:31,1 : 1,SYSTEM ADMINISTRATOR,9
327,AC,,2021-06-26 12:49:42,1 : 1,SYSTEM ADMINISTRATOR,225
328,AC,,2021-06-26 12:49:53,1 : 1,SYSTEM ADMINISTRATOR,19
329,AC,,2021-06-26 12:50:10,1 : 1,SYSTEM ADMINISTRATOR,0
330,AC,,2021-06-26 12:50:18,1 : 1,SYSTEM ADMINISTRATOR,0
331,AC,,2021-06-26 12:50:22,1 : 1,SYSTEM ADMINISTRATOR,0
332,AC,,2021-06-26 12:50:38,1 : 1,SYSTEM ADMINISTRATOR,999
333,AC,,2021-06-26 12:51:01,1 : 1,SYSTEM ADMINISTRATOR,999
334,AC,,2021-06-26 12:51:13,1 : 1,SYSTEM ADMINISTRATOR,37
335,AC,,2021-06-26 12:51:22,1 : 1,SYSTEM ADMINISTRATOR,1
336,AC,,2021-06-26 12:51:31,1 : 1,SYSTEM ADMINISTRATOR,14
337,AC,,2021-06-26 12:51:42,1 : 1,SYSTEM ADMINISTRATOR,2
338,AC,,2021-06-26 12:51:53,1 : 1,SYSTEM ADMINISTRATOR,3
339,AC,,2021-06-26 12:52:03,1 : 1,SYSTEM ADMINISTRATOR,0
340,AC,,2021-06-26 12:52:11,1 : 1,SYSTEM ADMINISTRATOR,92
341,AC,,2021-06-26 12:52:21,1 : 1,SYSTEM ADMINISTRATOR,12
342,AC,,2021-06-26 12:52:30,1 : 1,SYSTEM ADMINISTRATOR,12
343,AC,,2021-06-26 12:52:43,1 : 1,SYSTEM ADMINISTRATOR,2
344,AC,,2021-06-26 12:52:56,1 : 1,SYSTEM ADMINISTRATOR,274
345,AC,,2021-06-26 12:53:06,1 : 1,SYSTEM ADMINISTRATOR,35
346,AC,,2021-06-26 12:53:17,1 : 1,SYSTEM ADMINISTRATOR,357
347,AC,,2021-06-26 12:53:31,1 : 1,SYSTEM ADMINISTRATOR,47
348,AC,,2021-06-26 12:53:42,1 : 1,SYSTEM ADMINISTRATOR,412
349,AC,,2021-06-26 12:53:53,1 : 1,SYSTEM ADMINISTRATOR,38
350,AC,,2021-06-26 12:54:08,1 : 1,SYSTEM ADMINISTRATOR,999
351,AC,,2021-06-26 12:54:22,1 : 1,SYSTEM ADMINISTRATOR,999
352,AC,,2021-06-26 12:54:37,1 : 1,SYSTEM ADMINISTRATOR,999
353,AC,,2021-06-26 12:54:57,1 : 1,SYSTEM ADMINISTRATOR,999
356,AC,,2021-07-31 12:19:37,1 : 1,SYSTEM ADMINISTRATOR,0
357,AC,,2021-07-31 12:19:51,1 : 1,SYSTEM ADMINISTRATOR,0
358,AC,,2021-07-31 12:20:03,1 : 1,SYSTEM ADMINISTRATOR,44
359,AC,,2021-07-31 12:20:18,1 : 1,SYSTEM ADMINISTRATOR,7
360,AC,,2021-07-31 12:20:29,1 : 1,SYSTEM ADMINISTRATOR,999
361,AC,,2021-07-31 12:20:40,1 : 1,SYSTEM ADMINISTRATOR,216
362,AC,,2021-07-31 12:20:54,1 : 1,SYSTEM ADMINISTRATOR,32
363,AC,,2021-07-31 12:21:06,1 : 1,SYSTEM ADMINISTRATOR,3
364,AC,,2021-07-31 12:21:43,1 : 1,SYSTEM ADMINISTRATOR,28
365,AC,,2021-07-31 12:21:57,1 : 1,SYSTEM ADMINISTRATOR,0
366,AC,,2021-07-31 12:22:07,1 : 1,SYSTEM ADMINISTRATOR,15
367,AC,,2021-07-31 12:22:58,1 : 1,SYSTEM ADMINISTRATOR,1
368,AC,,2021-07-31 12:23:59,1 : 1,SYSTEM ADMINISTRATOR,1
369,AC,,2021-07-31 12:24:13,1 : 1,SYSTEM ADMINISTRATOR,1
370,AC,,2021-07-31 12:24:23,1 : 1,SYSTEM ADMINISTRATOR,75
371,AC,,2021-07-31 12:26:16,1 : 1,SYSTEM ADMINISTRATOR,12
372,RAC,,2021-07-31 12:27:22,1 : 1,SYSTEM ADMINISTRATOR,3
375,AC,,2021-08-01 12:28:56,1 : 1,SYSTEM ADMINISTRATOR,0
376,AC,,2021-08-01 12:29:10,1 : 1,SYSTEM ADMINISTRATOR,0
377,AC,,2021-08-01 12:29:20,1 : 1,SYSTEM ADMINISTRATOR,0
378,AC,,2021-08-01 12:29:32,1 : 1,SYSTEM ADMINISTRATOR,1
379,AC,,2021-08-01 12:29:44,1 : 1,SYSTEM ADMINISTRATOR,0
380,AC,,2021-08-01 12:29:55,1 : 1,SYSTEM ADMINISTRATOR,0
381,AC,,2021-08-01 12:30:07,1 : 1,SYSTEM ADMINISTRATOR,314
382,AC,,2021-08-01 12:30:26,1 : 1,SYSTEM ADMINISTRATOR,46
383,AC,,2021-08-01 12:30:38,1 : 1,SYSTEM ADMINISTRATOR,29
384,AC,,2021-08-01 12:30:50,1 : 1,SYSTEM ADMINISTRATOR,5
385,AC,,2021-08-01 12:31:00,1 : 1,SYSTEM ADMINISTRATOR,66
386,AC,,2021-08-01 12:31:12,1 : 1,SYSTEM ADMINISTRATOR,8
387,AC,,2021-08-01 12:31:26,1 : 1,SYSTEM ADMINISTRATOR,137
388,AC,,2021-08-01 12:31:38,1 : 1,SYSTEM ADMINISTRATOR,18
389,AC,,2021-08-01 12:31:49,1 : 1,SYSTEM ADMINISTRATOR,18
390,AC,,2021-08-01 12:32:02,1 : 1,SYSTEM ADMINISTRATOR,3
391,AC,,2021-08-01 12:32:13,1 : 1,SYSTEM ADMINISTRATOR,9
392,AC,,2021-08-01 12:32:23,1 : 1,SYSTEM ADMINISTRATOR,0
393,AC,,2021-08-01 12:32:34,1 : 1,SYSTEM ADMINISTRATOR,434
394,AC,,2021-08-01 12:32:47,1 : 1,SYSTEM ADMINISTRATOR,96
395,AC,,2021-08-01 12:33:31,1 : 1,SYSTEM ADMINISTRATOR,0
396,AC,,2021-08-01 12:33:42,1 : 1,SYSTEM ADMINISTRATOR,0
397,AC,,2021-08-01 12:33:51,1 : 1,SYSTEM ADMINISTRATOR,438
398,AC,,2021-08-01 12:34:02,1 : 1,SYSTEM ADMINISTRATOR,105
399,AC,,2021-08-01 12:34:12,1 : 1,SYSTEM ADMINISTRATOR,567
400,AC,,2021-08-01 12:34:26,1 : 1,SYSTEM ADMINISTRATOR,80
401,AC,,2021-08-01 12:34:35,1 : 1,SYSTEM ADMINISTRATOR,859
402,AC,,2021-08-01 12:34:46,1 : 1,SYSTEM ADMINISTRATOR,94
403,AC,,2021-08-01 12:34:57,1 : 1,SYSTEM ADMINISTRATOR,999
404,AC,,2021-08-01 12:35:13,1 : 1,SYSTEM ADMINISTRATOR,136
405,AC,,2021-08-01 12:35:24,1 : 1,SYSTEM ADMINISTRATOR,150
406,AC,,2021-08-01 12:35:36,1 : 1,SYSTEM ADMINISTRATOR,13
407,AC,,2021-08-01 12:35:46,1 : 1,SYSTEM ADMINISTRATOR,4
408,AC,,2021-08-01 12:36:06,1 : 1,SYSTEM ADMINISTRATOR,22
409,AC,,2021-08-01 12:37:01,1 : 1,SYSTEM ADMINISTRATOR,13
410,AC,,2021-08-01 12:37:18,1 : 1,SYSTEM ADMINISTRATOR,0
411,AC,,2021-08-01 12:37:27,1 : 1,SYSTEM ADMINISTRATOR,323
412,AC,,2021-08-01 12:37:39,1 : 1,SYSTEM ADMINISTRATOR,61
413,AC,,2021-08-01 12:37:47,1 : 1,SYSTEM ADMINISTRATOR,105
414,AC,,2021-08-01 12:37:56,1 : 1,SYSTEM ADMINISTRATOR,6
415,AC,,2021-08-01 12:38:04,1 : 1,SYSTEM ADMINISTRATOR,27
416,AC,,2021-08-01 12:38:12,1 : 1,SYSTEM ADMINISTRATOR,0
417,AC,,2021-08-01 12:38:21,1 : 1,SYSTEM ADMINISTRATOR,3
418,AC,,2021-08-01 12:38:31,1 : 1,SYSTEM ADMINISTRATOR,1
419,AC,,2021-08-01 12:38:39,1 : 1,SYSTEM ADMINISTRATOR,6
420,AC,,2021-08-01 12:38:47,1 : 1,SYSTEM ADMINISTRATOR,0
422,AC,,2021-08-21 09:42:35,1 : 1,SYSTEM ADMINISTRATOR,14
423,AC,,2021-08-21 09:42:58,1 : 1,SYSTEM ADMINISTRATOR,0
424,AC,,2021-08-21 09:43:09,1 : 1,SYSTEM ADMINISTRATOR,0
425,AC,,2021-08-21 09:43:30,1 : 1,SYSTEM ADMINISTRATOR,1
426,AC,,2021-08-21 09:44:07,1 : 1,SYSTEM ADMINISTRATOR,0
427,AC,,2021-08-21 09:44:17,1 : 1,SYSTEM ADMINISTRATOR,4
428,AC,,2021-08-21 09:44:40,1 : 1,SYSTEM ADMINISTRATOR,0
429,AC,,2021-08-21 09:44:51,1 : 1,SYSTEM ADMINISTRATOR,94
430,AC,,2021-08-21 09:45:03,1 : 1,SYSTEM ADMINISTRATOR,22
431,AC,,2021-08-21 09:45:15,1 : 1,SYSTEM ADMINISTRATOR,3
432,AC,,2021-08-21 09:45:25,1 : 1,SYSTEM ADMINISTRATOR,0
433,AC,,2021-08-21 09:45:35,1 : 1,SYSTEM ADMINISTRATOR,5
434,AC,,2021-08-21 09:45:48,1 : 1,SYSTEM ADMINISTRATOR,1
435,AC,,2021-08-21 09:46:01,1 : 1,SYSTEM ADMINISTRATOR,5
436,AC,,2021-08-21 09:46:26,1 : 1,SYSTEM ADMINISTRATOR,0
437,AC,,2021-08-21 09:46:37,1 : 1,SYSTEM ADMINISTRATOR,310
438,AC,,2021-08-21 09:46:56,1 : 1,SYSTEM ADMINISTRATOR,44
439,AC,,2021-08-21 09:47:22,1 : 1,SYSTEM ADMINISTRATOR,999
440,AC,,2021-08-21 09:47:50,1 : 1,SYSTEM ADMINISTRATOR,9
441,AC,,2021-08-21 12:39:32,1 : 1,SYSTEM ADMINISTRATOR,0
442,AC,,2021-08-21 12:39:40,1 : 1,SYSTEM ADMINISTRATOR,1
443,AC,,2021-08-21 12:40:21,1 : 1,SYSTEM ADMINISTRATOR,0
444,AC,,2021-08-21 12:41:43,1 : 1,SYSTEM ADMINISTRATOR,153
445,AC,,2021-08-21 12:41:59,1 : 1,SYSTEM ADMINISTRATOR,19
446,AC,,2021-08-21 12:42:40,1 : 1,SYSTEM ADMINISTRATOR,881
447,AC,,2021-08-21 12:43:00,1 : 1,SYSTEM ADMINISTRATOR,199
448,AC,,2021-08-21 12:43:34,1 : 1,SYSTEM ADMINISTRATOR,91
449,AC,,2021-08-21 12:44:05,1 : 1,SYSTEM ADMINISTRATOR,7
450,AC,,2021-08-21 12:44:20,1 : 1,SYSTEM ADMINISTRATOR,966
451,AC,,2021-08-21 12:44:34,1 : 1,SYSTEM ADMINISTRATOR,134
452,AC,,2021-08-21 12:44:45,1 : 1,SYSTEM ADMINISTRATOR,252
453,AC,,2021-08-21 12:44:56,1 : 1,SYSTEM ADMINISTRATOR,37
454,AC,,2021-08-21 12:45:08,1 : 1,SYSTEM ADMINISTRATOR,109
455,AC,,2021-08-21 12:45:22,1 : 1,SYSTEM ADMINISTRATOR,9
456,AC,,2021-08-21 12:45:31,1 : 1,SYSTEM ADMINISTRATOR,298
457,AC,,2021-08-21 12:45:45,1 : 1,SYSTEM ADMINISTRATOR,35
458,AC,,2021-08-21 12:45:54,1 : 1,SYSTEM ADMINISTRATOR,7
459,AC,,2021-08-21 12:46:02,1 : 1,SYSTEM ADMINISTRATOR,0
460,AC,,2021-08-21 12:46:44,1 : 1,SYSTEM ADMINISTRATOR,3
461,AC,,2021-08-21 12:47:22,1 : 1,SYSTEM ADMINISTRATOR,1
462,AC,,2021-08-21 12:47:35,1 : 1,SYSTEM ADMINISTRATOR,117
463,AC,,2021-08-21 12:47:44,1 : 1,SYSTEM ADMINISTRATOR,9
464,AC,,2021-08-21 12:47:54,1 : 1,SYSTEM ADMINISTRATOR,34
465,AC,,2021-08-21 12:48:08,1 : 1,SYSTEM ADMINISTRATOR,14
466,AC,,2021-08-21 12:48:31,1 : 1,SYSTEM ADMINISTRATOR,45
467,AC,,2021-08-21 12:48:40,1 : 1,SYSTEM ADMINISTRATOR,3
468,AC,,2021-08-21 12:48:49,1 : 1,SYSTEM ADMINISTRATOR,20
469,AC,,2021-08-21 12:49:04,1 : 1,SYSTEM ADMINISTRATOR,4
470,AC,,2021-08-21 12:49:15,1 : 1,SYSTEM ADMINISTRATOR,8
471,AC,,2021-08-21 12:49:25,1 : 1,SYSTEM ADMINISTRATOR,1
472,AC,,2021-08-21 12:49:46,1 : 1,SYSTEM ADMINISTRATOR,8
473,AC,,2021-08-21 12:49:57,1 : 1,SYSTEM ADMINISTRATOR,1
474,AC,,2021-08-21 12:50:08,1 : 1,SYSTEM ADMINISTRATOR,15
475,AC,,2021-08-21 12:50:18,1 : 1,SYSTEM ADMINISTRATOR,3
476,AC,,2021-08-21 12:50:28,1 : 1,SYSTEM ADMINISTRATOR,18
477,AC,,2021-08-21 12:50:39,1 : 1,SYSTEM ADMINISTRATOR,2
478,AC,,2021-08-21 12:50:48,1 : 1,SYSTEM ADMINISTRATOR,2
479,AC,,2021-08-21 12:50:57,1 : 1,SYSTEM ADMINISTRATOR,0
480,AC,,2021-08-21 12:51:13,1 : 1,SYSTEM ADMINISTRATOR,220
481,AC,,2021-08-21 12:51:29,1 : 1,SYSTEM ADMINISTRATOR,35
482,AC,,2021-08-21 12:51:44,1 : 1,SYSTEM ADMINISTRATOR,45
483,AC,,2021-08-21 12:52:34,1 : 1,SYSTEM ADMINISTRATOR,9
484,AC,,2021-08-21 12:52:46,1 : 1,SYSTEM ADMINISTRATOR,21
485,AC,,2021-08-21 12:53:00,1 : 1,SYSTEM ADMINISTRATOR,1
486,AC,,2021-08-21 12:53:12,1 : 1,SYSTEM ADMINISTRATOR,152
487,AC,,2021-08-21 12:53:28,1 : 1,SYSTEM ADMINISTRATOR,7
488,AC,,2021-08-21 12:53:40,1 : 1,SYSTEM ADMINISTRATOR,68
489,AC,,2021-08-21 12:53:54,1 : 1,SYSTEM ADMINISTRATOR,11
490,AC,,2021-08-21 12:54:08,1 : 1,SYSTEM ADMINISTRATOR,84
491,AC,,2021-08-21 12:54:34,1 : 1,SYSTEM ADMINISTRATOR,5
492,AC,,2021-08-21 12:55:00,1 : 1,SYSTEM ADMINISTRATOR,135
493,AC,,2021-08-21 12:55:15,1 : 1,SYSTEM ADMINISTRATOR,12
494,AC,,2021-08-21 12:55:27,1 : 1,SYSTEM ADMINISTRATOR,26
495,AC,,2021-08-21 12:55:42,1 : 1,SYSTEM ADMINISTRATOR,2
496,AC,,2021-08-21 12:55:59,1 : 1,SYSTEM ADMINISTRATOR,7
497,AC,,2021-08-21 12:56:12,1 : 1,SYSTEM ADMINISTRATOR,0
498,AC,,2021-08-21 12:56:24,1 : 1,SYSTEM ADMINISTRATOR,25
499,AC,,2021-08-21 12:56:44,1 : 1,SYSTEM ADMINISTRATOR,7
500,AC,,2021-08-21 12:56:56,1 : 1,SYSTEM ADMINISTRATOR,15
501,AC,,2021-08-21 12:57:12,1 : 1,SYSTEM ADMINISTRATOR,0
502,AC,,2021-08-21 12:57:21,1 : 1,SYSTEM ADMINISTRATOR,11
503,AC,,2021-08-21 12:58:06,1 : 1,SYSTEM ADMINISTRATOR,3
504,AC,,2021-08-21 12:58:27,1 : 1,SYSTEM ADMINISTRATOR,19
505,AC,,2021-08-21 12:58:42,1 : 1,SYSTEM ADMINISTRATOR,1
506,AC,,2021-08-21 12:58:52,1 : 1,SYSTEM ADMINISTRATOR,14
507,AC,,2021-08-21 12:59:00,1 : 1,SYSTEM ADMINISTRATOR,1
508,AC,,2021-08-21 01:00:28,1 : 1,SYSTEM ADMINISTRATOR,0
509,AC,,2021-08-21 01:00:38,1 : 1,SYSTEM ADMINISTRATOR,0
510,AC,,2021-08-21 01:00:53,1 : 1,SYSTEM ADMINISTRATOR,329
511,AC,,2021-08-21 01:01:09,1 : 1,SYSTEM ADMINISTRATOR,55
512,AC,,2021-08-21 01:02:14,1 : 1,SYSTEM ADMINISTRATOR,1
513,AC,,2021-08-21 01:02:27,1 : 1,SYSTEM ADMINISTRATOR,1
514,AC,,2021-08-21 01:02:40,1 : 1,SYSTEM ADMINISTRATOR,1
515,AC,,2021-08-21 01:02:52,1 : 1,SYSTEM ADMINISTRATOR,0
516,AC,,2021-08-21 01:03:04,1 : 1,SYSTEM ADMINISTRATOR,3
517,AC,,2021-08-21 01:03:15,1 : 1,SYSTEM ADMINISTRATOR,0
518,AC,,2021-08-21 01:03:34,1 : 1,SYSTEM ADMINISTRATOR,3
519,AC,,2021-08-21 01:03:49,1 : 1,SYSTEM ADMINISTRATOR,0
520,AC,,2021-08-21 01:04:02,1 : 1,SYSTEM ADMINISTRATOR,1
521,AC,,2021-08-21 01:04:08,1 : 1,SYSTEM ADMINISTRATOR,1
523,AC,,2021-08-22 02:46:47,1 : 1,SYSTEM ADMINISTRATOR,543
524,AC,,2021-08-22 02:47:17,1 : 1,SYSTEM ADMINISTRATOR,80
525,AC,,2021-08-22 02:47:32,1 : 1,SYSTEM ADMINISTRATOR,3
526,AC,,2021-08-22 02:47:53,1 : 1,SYSTEM ADMINISTRATOR,1
527,AC,,2021-08-22 02:49:42,1 : 1,SYSTEM ADMINISTRATOR,999
528,AC,,2021-08-22 02:50:18,1 : 1,SYSTEM ADMINISTRATOR,174
529,AC,,2021-08-22 02:50:54,1 : 1,SYSTEM ADMINISTRATOR,128
530,AC,,2021-08-22 02:51:02,1 : 1,SYSTEM ADMINISTRATOR,11
531,AC,,2021-08-22 02:51:14,1 : 1,SYSTEM ADMINISTRATOR,1
532,AC,,2021-08-22 02:51:31,1 : 1,SYSTEM ADMINISTRATOR,0
533,AC,,2021-08-22 02:52:59,1 : 1,SYSTEM ADMINISTRATOR,0
534,AC,,2021-08-22 02:53:08,1 : 1,SYSTEM ADMINISTRATOR,0
535,AC,,2021-08-22 02:53:13,1 : 1,SYSTEM ADMINISTRATOR,0
536,AC,,2021-08-22 02:53:26,1 : 1,SYSTEM ADMINISTRATOR,132
537,AC,,2021-08-22 02:54:14,1 : 1,SYSTEM ADMINISTRATOR,20
538,AC,,2021-08-22 02:54:25,1 : 1,SYSTEM ADMINISTRATOR,48
539,AC,,2021-08-22 02:54:35,1 : 1,SYSTEM ADMINISTRATOR,2
540,AC,,2021-08-22 02:54:43,1 : 1,SYSTEM ADMINISTRATOR,247
541,AC,,2021-08-22 02:54:52,1 : 1,SYSTEM ADMINISTRATOR,31
542,AC,,2021-08-22 02:55:01,1 : 1,SYSTEM ADMINISTRATOR,30
543,AC,,2021-08-22 02:55:08,1 : 1,SYSTEM ADMINISTRATOR,6
544,AC,,2021-08-22 02:55:15,1 : 1,SYSTEM ADMINISTRATOR,19
545,AC,,2021-08-22 02:55:24,1 : 1,SYSTEM ADMINISTRATOR,1
546,AC,,2021-08-22 02:55:31,1 : 1,SYSTEM ADMINISTRATOR,185
547,AC,,2021-08-22 02:55:39,1 : 1,SYSTEM ADMINISTRATOR,14
548,AC,,2021-08-22 02:55:53,1 : 1,SYSTEM ADMINISTRATOR,23
549,AC,,2021-08-22 02:56:01,1 : 1,SYSTEM ADMINISTRATOR,1
550,AC,,2021-08-22 02:56:13,1 : 1,SYSTEM ADMINISTRATOR,75
551,AC,,2021-08-22 02:56:22,1 : 1,SYSTEM ADMINISTRATOR,5
552,AC,,2021-08-22 02:56:38,1 : 1,SYSTEM ADMINISTRATOR,12
553,AC,,2021-08-22 02:56:47,1 : 1,SYSTEM ADMINISTRATOR,1
554,AC,,2021-08-22 02:56:57,1 : 1,SYSTEM ADMINISTRATOR,8
555,AC,,2021-08-22 02:57:06,1 : 1,SYSTEM ADMINISTRATOR,0
556,AC,,2021-08-22 02:57:15,1 : 1,SYSTEM ADMINISTRATOR,327
557,AC,,2021-08-22 02:57:25,1 : 1,SYSTEM ADMINISTRATOR,69
558,AC,,2021-08-22 02:57:39,1 : 1,SYSTEM ADMINISTRATOR,334
559,AC,,2021-08-22 02:57:47,1 : 1,SYSTEM ADMINISTRATOR,72
560,AC,,2021-08-22 02:57:55,1 : 1,SYSTEM ADMINISTRATOR,4
561,AC,,2021-08-22 02:58:03,1 : 1,SYSTEM ADMINISTRATOR,0
562,AC,,2021-08-22 02:58:12,1 : 1,SYSTEM ADMINISTRATOR,1
563,AC,,2021-08-22 02:58:22,1 : 1,SYSTEM ADMINISTRATOR,0
564,AC,,2021-08-22 02:58:34,1 : 1,SYSTEM ADMINISTRATOR,45
565,AC,,2021-08-22 02:58:44,1 : 1,SYSTEM ADMINISTRATOR,3
566,AC,,2021-08-22 02:58:51,1 : 1,SYSTEM ADMINISTRATOR,157
567,AC,,2021-08-22 02:59:00,1 : 1,SYSTEM ADMINISTRATOR,10
568,AC,,2021-08-22 02:59:12,1 : 1,SYSTEM ADMINISTRATOR,25
569,AC,,2021-08-22 02:59:21,1 : 1,SYSTEM ADMINISTRATOR,2
570,AC,,2021-08-22 03:00:12,1 : 1,SYSTEM ADMINISTRATOR,3
571,AC,,2021-08-22 03:00:18,1 : 1,SYSTEM ADMINISTRATOR,16
572,AC,,2021-08-22 03:00:35,1 : 1,SYSTEM ADMINISTRATOR,1
573,AC,,2021-08-22 03:00:45,1 : 1,SYSTEM ADMINISTRATOR,0
574,AC,,2021-08-22 03:00:50,1 : 1,SYSTEM ADMINISTRATOR,10
575,AC,,2021-08-22 03:00:55,1 : 1,SYSTEM ADMINISTRATOR,1
576,AC,,2021-08-22 03:00:59,1 : 1,SYSTEM ADMINISTRATOR,73
577,AC,,2021-08-22 03:01:05,1 : 1,SYSTEM ADMINISTRATOR,11
580,AC,,2021-09-18 09:25:02,1 : 1,SYSTEM ADMINISTRATOR,0
581,AC,,2021-09-18 09:25:11,1 : 1,SYSTEM ADMINISTRATOR,0
582,AC,,2021-09-18 09:25:29,1 : 1,SYSTEM ADMINISTRATOR,3
583,AC,,2021-09-18 09:26:44,1 : 1,SYSTEM ADMINISTRATOR,0
584,AC,,2021-09-18 09:27:02,1 : 1,SYSTEM ADMINISTRATOR,64
585,AC,,2021-09-18 09:27:18,1 : 1,SYSTEM ADMINISTRATOR,5
586,AC,,2021-09-18 09:27:29,1 : 1,SYSTEM ADMINISTRATOR,0
587,AC,,2021-09-18 09:27:35,1 : 1,SYSTEM ADMINISTRATOR,0
588,AC,,2021-09-18 09:27:43,1 : 1,SYSTEM ADMINISTRATOR,0
589,AC,,2021-09-18 09:27:46,1 : 1,SYSTEM ADMINISTRATOR,0
590,AC,,2021-09-18 09:27:50,1 : 1,SYSTEM ADMINISTRATOR,1
591,AC,,2021-09-18 09:27:53,1 : 1,SYSTEM ADMINISTRATOR,0
592,AC,,2021-09-18 09:27:58,1 : 1,SYSTEM ADMINISTRATOR,0
593,AC,,2021-09-18 09:28:03,1 : 1,SYSTEM ADMINISTRATOR,0
594,AC,,2021-09-18 09:28:07,1 : 1,SYSTEM ADMINISTRATOR,0
595,AC,,2021-09-18 09:28:11,1 : 1,SYSTEM ADMINISTRATOR,0
596,AC,,2021-09-18 09:28:29,1 : 1,SYSTEM ADMINISTRATOR,0
597,AC,,2021-09-18 09:28:33,1 : 1,SYSTEM ADMINISTRATOR,0
598,AC,,2021-09-18 09:28:41,1 : 1,SYSTEM ADMINISTRATOR,1
599,AC,,2021-09-18 09:28:45,1 : 1,SYSTEM ADMINISTRATOR,0
600,AC,,2021-09-18 09:29:06,1 : 1,SYSTEM ADMINISTRATOR,0
601,AC,,2021-09-18 09:29:14,1 : 1,SYSTEM ADMINISTRATOR,0
602,AC,,2021-09-18 09:29:19,1 : 1,SYSTEM ADMINISTRATOR,4
603,AC,,2021-09-18 09:29:23,1 : 1,SYSTEM ADMINISTRATOR,1
604,AC,,2021-09-18 09:29:31,1 : 1,SYSTEM ADMINISTRATOR,4
605,AC,,2021-09-18 09:29:39,1 : 1,SYSTEM ADMINISTRATOR,3
606,AC,,2021-09-18 09:29:47,1 : 1,SYSTEM ADMINISTRATOR,0
607,AC,,2021-09-18 09:29:53,1 : 1,SYSTEM ADMINISTRATOR,0
608,AC,,2021-09-18 09:30:06,1 : 1,SYSTEM ADMINISTRATOR,999
609,AC,,2021-09-18 09:30:20,1 : 1,SYSTEM ADMINISTRATOR,477
610,AC,,2021-09-18 03:07:56,1 : 1,SYSTEM ADMINISTRATOR,1
611,AC,,2021-09-18 03:08:21,1 : 1,SYSTEM ADMINISTRATOR,0
612,AC,,2021-09-18 03:08:34,1 : 1,SYSTEM ADMINISTRATOR,0
613,AC,,2021-09-18 03:09:05,1 : 1,SYSTEM ADMINISTRATOR,0
614,AC,,2021-09-18 03:09:10,1 : 1,SYSTEM ADMINISTRATOR,0
615,AC,,2021-09-18 03:09:35,1 : 1,SYSTEM ADMINISTRATOR,0
616,AC,,2021-09-18 03:09:42,1 : 1,SYSTEM ADMINISTRATOR,970
617,AC,,2021-09-18 03:09:51,1 : 1,SYSTEM ADMINISTRATOR,210
618,AC,,2021-09-18 03:09:59,1 : 1,SYSTEM ADMINISTRATOR,0
619,AC,,2021-09-18 03:10:14,1 : 1,SYSTEM ADMINISTRATOR,0
620,AC,,2021-09-18 03:10:21,1 : 1,SYSTEM ADMINISTRATOR,36
621,AC,,2021-09-18 03:10:28,1 : 1,SYSTEM ADMINISTRATOR,1
622,AC,,2021-09-18 03:10:33,1 : 1,SYSTEM ADMINISTRATOR,5
623,AC,,2021-09-18 03:10:39,1 : 1,SYSTEM ADMINISTRATOR,1
624,AC,,2021-09-18 03:10:44,1 : 1,SYSTEM ADMINISTRATOR,9
625,AC,,2021-09-18 03:10:51,1 : 1,SYSTEM ADMINISTRATOR,1
626,AC,,2021-09-18 03:10:57,1 : 1,SYSTEM ADMINISTRATOR,110
627,AC,,2021-09-18 03:11:07,1 : 1,SYSTEM ADMINISTRATOR,36
628,AC,,2021-09-18 03:11:16,1 : 1,SYSTEM ADMINISTRATOR,151
629,AC,,2021-09-18 03:11:22,1 : 1,SYSTEM ADMINISTRATOR,10
630,AC,,2021-09-18 03:11:36,1 : 1,SYSTEM ADMINISTRATOR,999
631,AC,,2021-09-18 03:11:46,1 : 1,SYSTEM ADMINISTRATOR,906
632,AC,,2021-09-18 03:11:52,1 : 1,SYSTEM ADMINISTRATOR,16
633,AC,,2021-09-18 03:11:59,1 : 1,SYSTEM ADMINISTRATOR,0
634,AC,,2021-09-18 03:12:06,1 : 1,SYSTEM ADMINISTRATOR,314
635,AC,,2021-09-18 03:12:12,1 : 1,SYSTEM ADMINISTRATOR,35
636,AC,,2021-09-18 03:12:19,1 : 1,SYSTEM ADMINISTRATOR,8
637,AC,,2021-09-18 03:12:26,1 : 1,SYSTEM ADMINISTRATOR,0
638,AC,,2021-09-18 03:14:46,1 : 1,SYSTEM ADMINISTRATOR,10
639,AC,,2021-09-18 03:33:10,1 : 1,SYSTEM ADMINISTRATOR,1
640,AC,,2021-09-18 03:33:18,1 : 1,SYSTEM ADMINISTRATOR,0
641,AC,,2021-09-18 03:33:23,1 : 1,SYSTEM ADMINISTRATOR,0
642,AC,,2021-09-18 03:33:33,1 : 1,SYSTEM ADMINISTRATOR,0
643,AC,,2021-09-18 03:33:41,1 : 1,SYSTEM ADMINISTRATOR,110
644,AC,,2021-09-18 03:33:50,1 : 1,SYSTEM ADMINISTRATOR,21
645,AC,,2021-09-18 03:34:05,1 : 1,SYSTEM ADMINISTRATOR,26
646,AC,,2021-09-18 03:34:14,1 : 1,SYSTEM ADMINISTRATOR,4
647,AC,,2021-09-18 03:34:20,1 : 1,SYSTEM ADMINISTRATOR,7
648,AC,,2021-09-18 03:34:27,1 : 1,SYSTEM ADMINISTRATOR,2
649,AC,,2021-09-18 03:34:34,1 : 1,SYSTEM ADMINISTRATOR,346
650,AC,,2021-09-18 03:34:46,1 : 1,SYSTEM ADMINISTRATOR,51
651,AC,,2021-09-18 03:34:52,1 : 1,SYSTEM ADMINISTRATOR,36
652,AC,,2021-09-18 03:34:59,1 : 1,SYSTEM ADMINISTRATOR,4
653,AC,,2021-09-18 03:35:05,1 : 1,SYSTEM ADMINISTRATOR,139
654,AC,,2021-09-18 03:35:13,1 : 1,SYSTEM ADMINISTRATOR,13
655,AC,,2021-09-18 03:35:19,1 : 1,SYSTEM ADMINISTRATOR,58
656,AC,,2021-09-18 03:35:48,1 : 1,SYSTEM ADMINISTRATOR,10
657,AC,,2021-09-18 03:36:45,1 : 1,SYSTEM ADMINISTRATOR,420
658,AC,,2021-09-18 03:36:55,1 : 1,SYSTEM ADMINISTRATOR,58
659,AC,,2021-09-18 03:37:23,1 : 1,SYSTEM ADMINISTRATOR,257
660,AC,,2021-09-18 03:37:34,1 : 1,SYSTEM ADMINISTRATOR,47
661,AC,,2021-09-18 03:37:41,1 : 1,SYSTEM ADMINISTRATOR,41
662,AC,,2021-09-18 03:37:48,1 : 1,SYSTEM ADMINISTRATOR,4
663,AC,,2021-09-18 03:37:55,1 : 1,SYSTEM ADMINISTRATOR,56
664,AC,,2021-09-18 03:38:03,1 : 1,SYSTEM ADMINISTRATOR,7
665,AC,,2021-09-18 03:38:16,1 : 1,SYSTEM ADMINISTRATOR,258
666,AC,,2021-09-18 03:38:29,1 : 1,SYSTEM ADMINISTRATOR,47
667,AC,,2021-09-18 03:38:37,1 : 1,SYSTEM ADMINISTRATOR,49
668,AC,,2021-09-18 03:38:44,1 : 1,SYSTEM ADMINISTRATOR,7
669,AC,,2021-09-18 03:38:50,1 : 1,SYSTEM ADMINISTRATOR,89
670,AC,,2021-09-18 03:38:57,1 : 1,SYSTEM ADMINISTRATOR,11
671,AC,,2021-09-18 03:39:04,1 : 1,SYSTEM ADMINISTRATOR,269
672,AC,,2021-09-18 03:39:14,1 : 1,SYSTEM ADMINISTRATOR,30
673,AC,,2021-09-18 03:39:21,1 : 1,SYSTEM ADMINISTRATOR,14
674,AC,,2021-09-18 03:39:34,1 : 1,SYSTEM ADMINISTRATOR,1
675,AC,,2021-09-18 03:39:40,1 : 1,SYSTEM ADMINISTRATOR,43
676,AC,,2021-09-18 03:39:47,1 : 1,SYSTEM ADMINISTRATOR,1
677,AC,,2021-09-18 03:39:54,1 : 1,SYSTEM ADMINISTRATOR,11
678,AC,,2021-09-18 03:40:04,1 : 1,SYSTEM ADMINISTRATOR,1
679,AC,,2021-09-18 03:40:32,1 : 1,SYSTEM ADMINISTRATOR,19
680,AC,,2021-09-18 03:40:41,1 : 1,SYSTEM ADMINISTRATOR,1
681,AC,,2021-09-18 03:40:48,1 : 1,SYSTEM ADMINISTRATOR,108
682,AC,,2021-09-18 03:41:01,1 : 1,SYSTEM ADMINISTRATOR,4
683,AC,,2021-09-18 03:41:10,1 : 1,SYSTEM ADMINISTRATOR,50
684,AC,,2021-09-18 03:41:17,1 : 1,SYSTEM ADMINISTRATOR,7
685,AC,,2021-09-18 03:41:22,1 : 1,SYSTEM ADMINISTRATOR,5
686,AC,,2021-09-18 03:41:27,1 : 1,SYSTEM ADMINISTRATOR,1
687,AC,,2021-09-18 03:41:36,1 : 1,SYSTEM ADMINISTRATOR,37
688,AC,,2021-09-18 03:41:45,1 : 1,SYSTEM ADMINISTRATOR,7
689,AC,,2021-09-18 03:41:52,1 : 1,SYSTEM ADMINISTRATOR,53
690,AC,,2021-09-18 03:41:59,1 : 1,SYSTEM ADMINISTRATOR,0
691,AC,,2021-09-18 03:42:05,1 : 1,SYSTEM ADMINISTRATOR,358
692,AC,,2021-09-18 03:42:12,1 : 1,SYSTEM ADMINISTRATOR,50
693,AC,,2021-09-18 03:42:18,1 : 1,SYSTEM ADMINISTRATOR,88
694,AC,,2021-09-18 03:42:25,1 : 1,SYSTEM ADMINISTRATOR,11
695,AC,,2021-09-18 03:42:37,1 : 1,SYSTEM ADMINISTRATOR,109
696,AC,,2021-09-18 03:42:41,1 : 1,SYSTEM ADMINISTRATOR,15
697,AC,,2021-09-18 03:44:49,1 : 1,SYSTEM ADMINISTRATOR,1
698,AC,,2021-09-18 03:45:09,1 : 1,SYSTEM ADMINISTRATOR,0
699,AC,,2021-09-18 03:45:15,1 : 1,SYSTEM ADMINISTRATOR,0
700,AC,,2021-09-18 03:45:29,1 : 1,SYSTEM ADMINISTRATOR,842
701,AC,,2021-09-18 03:45:51,1 : 1,SYSTEM ADMINISTRATOR,999
702,AC,,2021-09-18 03:45:58,1 : 1,SYSTEM ADMINISTRATOR,1
703,AC,,2021-09-18 03:46:06,1 : 1,SYSTEM ADMINISTRATOR,1
704,AC,,2021-09-18 03:46:14,1 : 1,SYSTEM ADMINISTRATOR,1
705,AC,,2021-09-18 03:46:25,1 : 1,SYSTEM ADMINISTRATOR,0
706,AC,,2021-09-18 03:46:31,1 : 1,SYSTEM ADMINISTRATOR,48
707,AC,,2021-09-18 03:46:38,1 : 1,SYSTEM ADMINISTRATOR,5
708,AC,,2021-09-18 03:46:44,1 : 1,SYSTEM ADMINISTRATOR,3
709,AC,,2021-09-18 03:46:51,1 : 1,SYSTEM ADMINISTRATOR,2
710,AC,,2021-09-18 03:47:39,1 : 1,SYSTEM ADMINISTRATOR,0
711,AC,,2021-09-18 03:47:46,1 : 1,SYSTEM ADMINISTRATOR,0
712,AC,,2021-09-18 03:47:52,1 : 1,SYSTEM ADMINISTRATOR,1
713,AC,,2021-09-18 03:48:28,1 : 1,SYSTEM ADMINISTRATOR,0
714,AC,,2021-09-18 03:48:37,1 : 1,SYSTEM ADMINISTRATOR,1
715,AC,,2021-09-18 03:48:43,1 : 1,SYSTEM ADMINISTRATOR,0
716,AC,,2021-09-18 03:48:48,1 : 1,SYSTEM ADMINISTRATOR,2
717,AC,,2021-09-18 03:48:53,1 : 1,SYSTEM ADMINISTRATOR,0
718,AC,,2021-09-18 03:49:01,1 : 1,SYSTEM ADMINISTRATOR,1
719,AC,,2021-09-18 03:49:07,1 : 1,SYSTEM ADMINISTRATOR,0
720,AC,,2021-09-18 03:49:13,1 : 1,SYSTEM ADMINISTRATOR,17
721,AC,,2021-09-18 03:49:23,1 : 1,SYSTEM ADMINISTRATOR,1
722,AC,,2021-09-18 03:49:29,1 : 1,SYSTEM ADMINISTRATOR,6
723,AC,,2021-09-18 03:49:37,1 : 1,SYSTEM ADMINISTRATOR,0
724,AC,,2021-09-18 03:49:44,1 : 1,SYSTEM ADMINISTRATOR,12
725,AC,,2021-09-18 03:49:52,1 : 1,SYSTEM ADMINISTRATOR,2
726,AC,,2021-09-18 03:49:58,1 : 1,SYSTEM ADMINISTRATOR,2
727,AC,,2021-09-18 03:50:23,1 : 1,SYSTEM ADMINISTRATOR,0
728,AC,,2021-09-18 03:50:37,1 : 1,SYSTEM ADMINISTRATOR,9
729,AC,,2021-09-18 03:50:42,1 : 1,SYSTEM ADMINISTRATOR,1
730,AC,,2021-09-19 05:22:17,1 : 1,SYSTEM ADMINISTRATOR,0
731,AC,,2021-09-19 05:22:21,1 : 1,SYSTEM ADMINISTRATOR,0
732,AC,,2021-09-19 05:22:24,1 : 1,SYSTEM ADMINISTRATOR,0
733,AC,,2021-09-19 05:22:27,1 : 1,SYSTEM ADMINISTRATOR,0
734,AC,,2021-09-19 05:22:30,1 : 1,SYSTEM ADMINISTRATOR,0
735,AC,,2021-09-19 05:22:33,1 : 1,SYSTEM ADMINISTRATOR,0
736,AC,,2021-09-19 05:23:33,1 : 1,SYSTEM ADMINISTRATOR,0
737,AC,,2021-09-19 05:23:39,1 : 1,SYSTEM ADMINISTRATOR,0
738,AC,,2021-09-19 05:23:51,1 : 1,SYSTEM ADMINISTRATOR,0
739,AC,,2021-09-19 05:23:56,1 : 1,SYSTEM ADMINISTRATOR,16
740,AC,,2021-09-19 05:24:21,1 : 1,SYSTEM ADMINISTRATOR,1
741,AC,,2021-09-19 05:24:27,1 : 1,SYSTEM ADMINISTRATOR,39
742,AC,,2021-09-19 05:24:52,1 : 1,SYSTEM ADMINISTRATOR,4
743,AC,,2021-09-19 05:25:00,1 : 1,SYSTEM ADMINISTRATOR,10
744,AC,,2021-09-19 05:25:06,1 : 1,SYSTEM ADMINISTRATOR,2
745,AC,,2021-09-19 05:25:11,1 : 1,SYSTEM ADMINISTRATOR,42
746,AC,,2021-09-19 05:25:17,1 : 1,SYSTEM ADMINISTRATOR,2
747,AC,,2021-09-19 05:25:23,1 : 1,SYSTEM ADMINISTRATOR,756
748,AC,,2021-09-19 05:25:32,1 : 1,SYSTEM ADMINISTRATOR,93
749,AC,,2021-09-19 05:25:38,1 : 1,SYSTEM ADMINISTRATOR,24
750,AC,,2021-09-19 05:25:44,1 : 1,SYSTEM ADMINISTRATOR,1
751,AC,,2021-09-19 05:26:00,1 : 1,SYSTEM ADMINISTRATOR,15
752,AC,,2021-09-19 05:26:07,1 : 1,SYSTEM ADMINISTRATOR,2
753,AC,,2021-09-19 05:26:22,1 : 1,SYSTEM ADMINISTRATOR,8
754,AC,,2021-09-19 05:26:28,1 : 1,SYSTEM ADMINISTRATOR,0
755,AC,,2021-09-19 05:26:39,1 : 1,SYSTEM ADMINISTRATOR,25
756,AC,,2021-09-19 05:27:08,1 : 1,SYSTEM ADMINISTRATOR,4
757,AC,,2021-09-19 05:27:13,1 : 1,SYSTEM ADMINISTRATOR,280
758,AC,,2021-09-19 05:27:19,1 : 1,SYSTEM ADMINISTRATOR,52
759,AC,,2021-09-19 05:27:25,1 : 1,SYSTEM ADMINISTRATOR,0
760,AC,,2021-09-19 05:27:30,1 : 1,SYSTEM ADMINISTRATOR,0
761,AC,,2021-09-19 05:27:34,1 : 1,SYSTEM ADMINISTRATOR,107
762,AC,,2021-09-19 05:27:40,1 : 1,SYSTEM ADMINISTRATOR,15
763,AC,,2021-09-19 05:27:45,1 : 1,SYSTEM ADMINISTRATOR,2
764,AC,,2021-09-19 05:27:52,1 : 1,SYSTEM ADMINISTRATOR,1
765,AC,,2021-09-19 05:27:55,1 : 1,SYSTEM ADMINISTRATOR,150
766,AC,,2021-09-19 05:28:02,1 : 1,SYSTEM ADMINISTRATOR,25
767,AC,,2021-09-19 05:28:07,1 : 1,SYSTEM ADMINISTRATOR,61
768,AC,,2021-09-19 05:28:12,1 : 1,SYSTEM ADMINISTRATOR,8
769,AC,,2021-09-19 05:28:19,1 : 1,SYSTEM ADMINISTRATOR,23
770,AC,,2021-09-19 05:28:23,1 : 1,SYSTEM ADMINISTRATOR,1
771,AC,,2021-09-19 05:28:31,1 : 1,SYSTEM ADMINISTRATOR,71
772,AC,,2021-09-19 05:28:36,1 : 1,SYSTEM ADMINISTRATOR,6
773,AC,,2021-09-19 05:29:16,1 : 1,SYSTEM ADMINISTRATOR,115
774,AC,,2021-09-19 05:29:25,1 : 1,SYSTEM ADMINISTRATOR,17
775,AC,,2021-09-19 05:29:32,1 : 1,SYSTEM ADMINISTRATOR,403
776,AC,,2021-09-19 05:30:19,1 : 1,SYSTEM ADMINISTRATOR,52
777,AC,,2021-09-19 05:30:25,1 : 1,SYSTEM ADMINISTRATOR,6
778,AC,,2021-09-19 05:30:32,1 : 1,SYSTEM ADMINISTRATOR,1
779,AC,,2021-09-19 05:30:37,1 : 1,SYSTEM ADMINISTRATOR,17
781,AC,,2021-09-19 05:31:09,1 : 1,SYSTEM ADMINISTRATOR,3
782,AC,,2021-09-19 05:31:16,1 : 1,SYSTEM ADMINISTRATOR,10
783,AC,,2021-09-19 05:31:21,1 : 1,SYSTEM ADMINISTRATOR,1
784,AC,,2021-09-19 05:31:27,1 : 1,SYSTEM ADMINISTRATOR,8
785,AC,,2021-09-19 05:31:32,1 : 1,SYSTEM ADMINISTRATOR,0
786,AC,,2021-09-19 05:31:38,1 : 1,SYSTEM ADMINISTRATOR,15
787,AC,,2021-09-19 05:31:43,1 : 1,SYSTEM ADMINISTRATOR,3
788,AC,,2021-09-19 05:31:49,1 : 1,SYSTEM ADMINISTRATOR,13
789,AC,,2021-09-19 05:31:55,1 : 1,SYSTEM ADMINISTRATOR,0
790,AC,,2021-09-19 05:32:00,1 : 1,SYSTEM ADMINISTRATOR,10
791,AC,,2021-09-19 05:32:06,1 : 1,SYSTEM ADMINISTRATOR,1
792,AC,,2021-09-19 05:32:12,1 : 1,SYSTEM ADMINISTRATOR,28
793,AC,,2021-09-19 05:32:19,1 : 1,SYSTEM ADMINISTRATOR,1
794,AC,,2021-09-19 05:32:25,1 : 1,SYSTEM ADMINISTRATOR,679
795,AC,,2021-09-19 05:32:31,1 : 1,SYSTEM ADMINISTRATOR,106
796,AC,,2021-09-19 05:32:37,1 : 1,SYSTEM ADMINISTRATOR,172
797,AC,,2021-09-19 05:32:43,1 : 1,SYSTEM ADMINISTRATOR,28
798,AC,,2021-09-19 05:32:50,1 : 1,SYSTEM ADMINISTRATOR,75
799,AC,,2021-09-19 05:32:57,1 : 1,SYSTEM ADMINISTRATOR,3
800,AC,,2021-09-19 05:33:02,1 : 1,SYSTEM ADMINISTRATOR,331
801,AC,,2021-09-19 05:33:06,1 : 1,SYSTEM ADMINISTRATOR,49
802,AC,,2021-09-19 05:33:12,1 : 1,SYSTEM ADMINISTRATOR,28
803,AC,,2021-09-19 05:33:18,1 : 1,SYSTEM ADMINISTRATOR,2
804,AC,,2021-09-19 05:33:25,1 : 1,SYSTEM ADMINISTRATOR,61
805,AC,,2021-09-19 05:33:30,1 : 1,SYSTEM ADMINISTRATOR,5
806,AC,,2021-09-19 05:33:35,1 : 1,SYSTEM ADMINISTRATOR,60
807,AC,,2021-09-19 05:33:43,1 : 1,SYSTEM ADMINISTRATOR,3
808,AC,,2021-09-19 05:33:48,1 : 1,SYSTEM ADMINISTRATOR,71
809,AC,,2021-09-19 05:33:53,1 : 1,SYSTEM ADMINISTRATOR,6
810,AC,,2021-09-19 05:33:59,1 : 1,SYSTEM ADMINISTRATOR,122
811,AC,,2021-09-19 05:34:05,1 : 1,SYSTEM ADMINISTRATOR,18
812,AC,,2021-09-19 05:34:11,1 : 1,SYSTEM ADMINISTRATOR,10
813,AC,,2021-09-19 05:34:17,1 : 1,SYSTEM ADMINISTRATOR,2
815,AC,,2021-10-15 04:09:59,1 : 1,SYSTEM ADMINISTRATOR,3
816,AC,,2021-10-15 04:10:56,1 : 1,SYSTEM ADMINISTRATOR,4
817,AC,,2021-10-15 04:11:13,1 : 1,SYSTEM ADMINISTRATOR,1
818,AC,,2021-10-15 04:11:21,1 : 1,SYSTEM ADMINISTRATOR,0
819,AC,,2021-10-15 04:11:46,1 : 1,SYSTEM ADMINISTRATOR,1
820,AC,,2021-10-15 04:12:11,1 : 1,SYSTEM ADMINISTRATOR,6
821,AC,,2021-10-15 04:14:42,1 : 1,SYSTEM ADMINISTRATOR,0
822,AC,,2021-10-15 04:14:54,1 : 1,SYSTEM ADMINISTRATOR,0
823,AC,,2021-10-15 04:15:02,1 : 1,SYSTEM ADMINISTRATOR,0
824,AC,,2021-10-15 04:15:16,1 : 1,SYSTEM ADMINISTRATOR,7
825,AC,,2021-10-15 04:15:29,1 : 1,SYSTEM ADMINISTRATOR,1
826,AC,,2021-10-15 04:15:43,1 : 1,SYSTEM ADMINISTRATOR,83
827,AC,,2021-10-15 04:15:53,1 : 1,SYSTEM ADMINISTRATOR,13
828,AC,,2021-10-15 04:16:06,1 : 1,SYSTEM ADMINISTRATOR,4
829,AC,,2021-10-15 04:16:16,1 : 1,SYSTEM ADMINISTRATOR,1
830,AC,,2021-10-15 04:16:32,1 : 1,SYSTEM ADMINISTRATOR,19
831,AC,,2021-10-15 04:16:42,1 : 1,SYSTEM ADMINISTRATOR,0
832,AC,,2021-10-15 04:16:55,1 : 1,SYSTEM ADMINISTRATOR,5
833,AC,,2021-10-15 04:17:07,1 : 1,SYSTEM ADMINISTRATOR,0
834,AC,,2021-10-15 04:17:17,1 : 1,SYSTEM ADMINISTRATOR,156
835,AC,,2021-10-15 04:17:31,1 : 1,SYSTEM ADMINISTRATOR,18
836,AC,,2021-10-15 04:17:47,1 : 1,SYSTEM ADMINISTRATOR,6
837,AC,,2021-10-15 04:18:02,1 : 1,SYSTEM ADMINISTRATOR,1
838,AC,,2021-10-15 04:18:14,1 : 1,SYSTEM ADMINISTRATOR,7
839,AC,,2021-10-15 04:18:36,1 : 1,SYSTEM ADMINISTRATOR,1
840,AC,,2021-10-15 04:19:02,1 : 1,SYSTEM ADMINISTRATOR,25
841,AC,,2021-10-15 04:19:17,1 : 1,SYSTEM ADMINISTRATOR,3
842,AC,,2021-10-15 04:19:27,1 : 1,SYSTEM ADMINISTRATOR,5
843,AC,,2021-10-15 04:19:36,1 : 1,SYSTEM ADMINISTRATOR,0
844,AC,,2021-10-15 04:19:48,1 : 1,SYSTEM ADMINISTRATOR,41
845,AC,,2021-10-15 04:19:58,1 : 1,SYSTEM ADMINISTRATOR,3
846,AC,,2021-10-15 04:20:05,1 : 1,SYSTEM ADMINISTRATOR,31
847,AC,,2021-10-15 04:20:20,1 : 1,SYSTEM ADMINISTRATOR,2
848,AC,,2021-10-15 04:20:28,1 : 1,SYSTEM ADMINISTRATOR,6
849,AC,,2021-10-15 04:21:01,1 : 1,SYSTEM ADMINISTRATOR,1
850,AC,,2021-10-15 04:21:09,1 : 1,SYSTEM ADMINISTRATOR,22
851,AC,,2021-10-15 04:21:18,1 : 1,SYSTEM ADMINISTRATOR,1
852,AC,,2021-10-15 04:21:26,1 : 1,SYSTEM ADMINISTRATOR,74
853,AC,,2021-10-15 04:21:35,1 : 1,SYSTEM ADMINISTRATOR,0
854,AC,,2021-10-15 04:21:50,1 : 1,SYSTEM ADMINISTRATOR,3
855,AC,,2021-10-15 04:22:35,1 : 1,SYSTEM ADMINISTRATOR,1
856,AC,,2021-10-15 04:23:19,1 : 1,SYSTEM ADMINISTRATOR,2
857,AC,,2021-10-15 04:23:37,1 : 1,SYSTEM ADMINISTRATOR,0
858,AC,,2021-10-15 04:23:45,1 : 1,SYSTEM ADMINISTRATOR,16
859,AC,,2021-10-15 04:23:54,1 : 1,SYSTEM ADMINISTRATOR,1
860,AC,,2021-10-15 04:24:08,1 : 1,SYSTEM ADMINISTRATOR,20
861,AC,,2021-10-15 04:24:45,1 : 1,SYSTEM ADMINISTRATOR,2
862,AC,,2021-10-15 04:24:52,1 : 1,SYSTEM ADMINISTRATOR,29
863,AC,,2021-10-15 04:25:00,1 : 1,SYSTEM ADMINISTRATOR,3
864,AC,,2021-10-15 04:25:07,1 : 1,SYSTEM ADMINISTRATOR,154
865,AC,,2021-10-15 04:25:20,1 : 1,SYSTEM ADMINISTRATOR,150
866,AC,,2021-10-15 04:25:30,1 : 1,SYSTEM ADMINISTRATOR,23
867,AC,,2021-10-15 04:25:39,1 : 1,SYSTEM ADMINISTRATOR,17
868,AC,,2021-10-15 04:25:48,1 : 1,SYSTEM ADMINISTRATOR,5
869,AC,,2021-10-15 04:25:55,1 : 1,SYSTEM ADMINISTRATOR,11
870,AC,,2021-10-15 04:26:06,1 : 1,SYSTEM ADMINISTRATOR,1
871,AC,,2021-10-15 04:26:18,1 : 1,SYSTEM ADMINISTRATOR,15
872,AC,,2021-10-15 04:26:32,1 : 1,SYSTEM ADMINISTRATOR,3
873,AC,,2021-10-15 04:26:39,1 : 1,SYSTEM ADMINISTRATOR,43
874,AC,,2021-10-15 04:26:46,1 : 1,SYSTEM ADMINISTRATOR,1
875,AC,,2021-10-15 04:26:52,1 : 1,SYSTEM ADMINISTRATOR,25
876,AC,,2021-10-15 04:26:59,1 : 1,SYSTEM ADMINISTRATOR,1
877,AC,,2021-10-15 04:27:19,1 : 1,SYSTEM ADMINISTRATOR,28
878,AC,,2021-10-15 04:27:28,1 : 1,SYSTEM ADMINISTRATOR,0
879,AC,,2021-10-15 04:27:35,1 : 1,SYSTEM ADMINISTRATOR,18
880,AC,,2021-10-15 04:27:42,1 : 1,SYSTEM ADMINISTRATOR,3
881,AC,,2021-10-15 04:27:49,1 : 1,SYSTEM ADMINISTRATOR,60
882,AC,,2021-10-15 04:27:57,1 : 1,SYSTEM ADMINISTRATOR,3
883,AC,,2021-10-15 04:28:22,1 : 1,SYSTEM ADMINISTRATOR,6
884,AC,,2021-10-15 04:29:17,1 : 1,SYSTEM ADMINISTRATOR,2
885,AC,,2021-10-15 04:29:24,1 : 1,SYSTEM ADMINISTRATOR,114
886,AC,,2021-10-15 04:29:31,1 : 1,SYSTEM ADMINISTRATOR,23
887,AC,,2021-10-15 04:29:40,1 : 1,SYSTEM ADMINISTRATOR,33
888,AC,,2021-10-15 04:29:53,1 : 1,SYSTEM ADMINISTRATOR,1
889,AC,,2021-10-15 04:30:04,1 : 1,SYSTEM ADMINISTRATOR,6
890,AC,,2021-10-15 04:30:16,1 : 1,SYSTEM ADMINISTRATOR,0
891,AC,,2021-10-15 04:30:25,1 : 1,SYSTEM ADMINISTRATOR,222
892,AC,,2021-10-15 04:30:33,1 : 1,SYSTEM ADMINISTRATOR,31
893,AC,,2021-10-15 04:30:40,1 : 1,SYSTEM ADMINISTRATOR,72
894,AC,,2021-10-15 04:30:47,1 : 1,SYSTEM ADMINISTRATOR,5
895,AC,,2021-10-15 04:30:53,1 : 1,SYSTEM ADMINISTRATOR,6
896,AC,,2021-10-15 04:31:01,1 : 1,SYSTEM ADMINISTRATOR,2
897,AC,,2021-10-15 04:31:08,1 : 1,SYSTEM ADMINISTRATOR,89
898,AC,,2021-10-15 04:31:16,1 : 1,SYSTEM ADMINISTRATOR,6
899,AC,,2021-10-15 04:31:23,1 : 1,SYSTEM ADMINISTRATOR,0
900,AC,,2021-10-15 04:31:30,1 : 1,SYSTEM ADMINISTRATOR,0
901,AC,,2021-10-15 04:31:37,1 : 1,SYSTEM ADMINISTRATOR,999
902,AC,,2021-10-15 04:33:32,1 : 1,SYSTEM ADMINISTRATOR,5
903,AC,,2021-10-15 04:34:51,1 : 1,SYSTEM ADMINISTRATOR,13
904,AC,,2021-10-15 04:35:12,1 : 1,SYSTEM ADMINISTRATOR,2
905,AC,,2021-10-15 04:35:22,1 : 1,SYSTEM ADMINISTRATOR,221
906,AC,,2021-10-15 04:35:52,1 : 1,SYSTEM ADMINISTRATOR,21
907,AC,,2021-10-15 04:36:07,1 : 1,SYSTEM ADMINISTRATOR,10
908,AC,,2021-10-15 04:36:15,1 : 1,SYSTEM ADMINISTRATOR,0
909,AC,,2021-10-15 04:36:24,1 : 1,SYSTEM ADMINISTRATOR,23
910,AC,,2021-10-15 04:36:43,1 : 1,SYSTEM ADMINISTRATOR,3
911,AC,,2021-10-15 04:36:53,1 : 1,SYSTEM ADMINISTRATOR,24
912,AC,,2021-10-15 04:38:57,1 : 1,SYSTEM ADMINISTRATOR,4
913,AC,,2021-10-15 04:39:05,1 : 1,SYSTEM ADMINISTRATOR,999
914,AC,,2021-10-15 04:39:13,1 : 1,SYSTEM ADMINISTRATOR,199
915,AC,,2021-10-15 04:39:23,1 : 1,SYSTEM ADMINISTRATOR,8
916,AC,,2021-10-15 04:40:33,1 : 1,SYSTEM ADMINISTRATOR,1
917,AC,,2021-10-15 04:41:07,1 : 1,SYSTEM ADMINISTRATOR,135
918,AC,,2021-10-15 04:41:17,1 : 1,SYSTEM ADMINISTRATOR,11
919,AC,,2021-10-15 04:41:25,1 : 1,SYSTEM ADMINISTRATOR,9
920,AC,,2021-10-15 04:41:32,1 : 1,SYSTEM ADMINISTRATOR,2
921,RAC,,2021-10-16 10:21:38,1 : 1,SYSTEM ADMINISTRATOR,5
924,RAC,,2021-10-16 10:24:18,1 : 1,SYSTEM ADMINISTRATOR,14
926,AC,,2021-10-16 10:57:55,1 : 1,SYSTEM ADMINISTRATOR,0
927,AC,,2021-10-16 10:58:03,1 : 1,SYSTEM ADMINISTRATOR,0
928,AC,,2021-10-16 10:58:10,1 : 1,SYSTEM ADMINISTRATOR,0
929,AC,,2021-10-16 10:58:28,1 : 1,SYSTEM ADMINISTRATOR,4
930,AC,,2021-10-16 11:00:17,1 : 1,SYSTEM ADMINISTRATOR,0
931,AC,,2021-10-16 11:00:28,1 : 1,SYSTEM ADMINISTRATOR,24
932,AC,,2021-10-16 11:00:36,1 : 1,SYSTEM ADMINISTRATOR,3
933,AC,,2021-10-16 11:00:43,1 : 1,SYSTEM ADMINISTRATOR,2
934,AC,,2021-10-16 11:00:51,1 : 1,SYSTEM ADMINISTRATOR,1
935,AC,,2021-10-16 11:00:57,1 : 1,SYSTEM ADMINISTRATOR,6
936,AC,,2021-10-16 11:01:10,1 : 1,SYSTEM ADMINISTRATOR,1
937,AC,,2021-10-16 11:01:17,1 : 1,SYSTEM ADMINISTRATOR,23
938,AC,,2021-10-16 11:01:28,1 : 1,SYSTEM ADMINISTRATOR,4
939,AC,,2021-10-16 11:01:35,1 : 1,SYSTEM ADMINISTRATOR,20
940,AC,,2021-10-16 11:01:42,1 : 1,SYSTEM ADMINISTRATOR,3
941,AC,,2021-10-16 11:01:49,1 : 1,SYSTEM ADMINISTRATOR,3
942,AC,,2021-10-16 11:02:03,1 : 1,SYSTEM ADMINISTRATOR,0
943,AC,,2021-10-16 11:02:13,1 : 1,SYSTEM ADMINISTRATOR,20
944,AC,,2021-10-16 11:02:21,1 : 1,SYSTEM ADMINISTRATOR,0
945,AC,,2021-10-16 11:02:44,1 : 1,SYSTEM ADMINISTRATOR,20
946,AC,,2021-10-16 11:02:56,1 : 1,SYSTEM ADMINISTRATOR,1
947,AC,,2021-10-16 11:03:05,1 : 1,SYSTEM ADMINISTRATOR,18
948,AC,,2021-10-16 11:03:12,1 : 1,SYSTEM ADMINISTRATOR,3
949,AC,,2021-10-16 11:03:16,1 : 1,SYSTEM ADMINISTRATOR,23
950,AC,,2021-10-16 11:03:20,1 : 1,SYSTEM ADMINISTRATOR,3
951,AC,,2021-10-16 11:05:32,1 : 1,SYSTEM ADMINISTRATOR,999
952,AC,,2021-10-16 11:05:43,1 : 1,SYSTEM ADMINISTRATOR,606
953,AC,,2021-10-16 11:05:50,1 : 1,SYSTEM ADMINISTRATOR,3
954,AC,,2021-10-16 11:05:56,1 : 1,SYSTEM ADMINISTRATOR,0
955,AC,,2021-10-16 11:06:02,1 : 1,SYSTEM ADMINISTRATOR,103
956,AC,,2021-10-16 11:06:52,1 : 1,SYSTEM ADMINISTRATOR,18
957,AC,,2021-10-16 11:07:08,1 : 1,SYSTEM ADMINISTRATOR,4
958,AC,,2021-10-16 04:04:37,1 : 1,SYSTEM ADMINISTRATOR,1
959,AC,,2021-10-16 04:05:04,1 : 1,SYSTEM ADMINISTRATOR,0
960,AC,,2021-10-16 04:05:18,1 : 1,SYSTEM ADMINISTRATOR,5
961,AC,,2021-10-16 04:05:24,1 : 1,SYSTEM ADMINISTRATOR,0
962,AC,,2021-10-16 04:05:44,1 : 1,SYSTEM ADMINISTRATOR,2
963,AC,,2021-10-16 04:05:54,1 : 1,SYSTEM ADMINISTRATOR,1
964,AC,,2021-10-16 04:06:10,1 : 1,SYSTEM ADMINISTRATOR,0
965,AC,,2021-10-16 04:06:32,1 : 1,SYSTEM ADMINISTRATOR,640
966,AC,,2021-10-16 04:07:15,1 : 1,SYSTEM ADMINISTRATOR,190
967,AC,,2021-10-16 04:07:24,1 : 1,SYSTEM ADMINISTRATOR,158
968,AC,,2021-10-16 04:07:32,1 : 1,SYSTEM ADMINISTRATOR,15
969,AC,,2021-10-16 04:07:40,1 : 1,SYSTEM ADMINISTRATOR,224
970,AC,,2021-10-16 04:07:49,1 : 1,SYSTEM ADMINISTRATOR,19
971,AC,,2021-10-16 04:07:57,1 : 1,SYSTEM ADMINISTRATOR,59
972,AC,,2021-10-16 04:08:05,1 : 1,SYSTEM ADMINISTRATOR,6
973,AC,,2021-10-16 04:08:15,1 : 1,SYSTEM ADMINISTRATOR,300
974,AC,,2021-10-16 04:08:24,1 : 1,SYSTEM ADMINISTRATOR,56
975,AC,,2021-10-16 04:08:32,1 : 1,SYSTEM ADMINISTRATOR,10
976,AC,,2021-10-16 04:08:39,1 : 1,SYSTEM ADMINISTRATOR,1
977,AC,,2021-10-16 04:08:45,1 : 1,SYSTEM ADMINISTRATOR,12
978,AC,,2021-10-16 04:08:52,1 : 1,SYSTEM ADMINISTRATOR,1
979,AC,,2021-10-16 04:09:04,1 : 1,SYSTEM ADMINISTRATOR,14
980,AC,,2021-10-16 04:09:10,1 : 1,SYSTEM ADMINISTRATOR,0
981,AC,,2021-10-16 04:09:21,1 : 1,SYSTEM ADMINISTRATOR,45
982,AC,,2021-10-16 04:09:29,1 : 1,SYSTEM ADMINISTRATOR,4
983,AC,,2021-10-16 04:09:36,1 : 1,SYSTEM ADMINISTRATOR,36
984,AC,,2021-10-16 04:09:43,1 : 1,SYSTEM ADMINISTRATOR,3
985,AC,,2021-10-16 04:09:50,1 : 1,SYSTEM ADMINISTRATOR,14
986,AC,,2021-10-16 04:09:57,1 : 1,SYSTEM ADMINISTRATOR,1
987,AC,,2021-10-16 04:10:03,1 : 1,SYSTEM ADMINISTRATOR,9
988,AC,,2021-10-16 04:10:10,1 : 1,SYSTEM ADMINISTRATOR,0
989,AC,,2021-10-16 04:10:43,1 : 1,SYSTEM ADMINISTRATOR,2
990,AC,,2021-10-16 04:11:31,1 : 1,SYSTEM ADMINISTRATOR,0
991,AC,,2021-10-16 04:11:41,1 : 1,SYSTEM ADMINISTRATOR,1
992,AC,,2021-10-16 04:11:48,1 : 1,SYSTEM ADMINISTRATOR,3
993,AC,,2021-10-16 04:12:39,1 : 1,SYSTEM ADMINISTRATOR,3
994,AC,,2021-10-16 04:12:43,1 : 1,SYSTEM ADMINISTRATOR,0
995,AC,,2021-10-16 04:12:52,1 : 1,SYSTEM ADMINISTRATOR,3
996,AC,,2021-10-16 04:13:01,1 : 1,SYSTEM ADMINISTRATOR,0
997,AC,,2021-10-16 04:13:07,1 : 1,SYSTEM ADMINISTRATOR,1
998,AC,,2021-10-16 04:13:12,1 : 1,SYSTEM ADMINISTRATOR,0
999,AC,,2021-10-16 04:13:20,1 : 1,SYSTEM ADMINISTRATOR,4
1000,AC,,2021-10-16 04:13:27,1 : 1,SYSTEM ADMINISTRATOR,0
1001,AC,,2021-10-16 04:13:37,1 : 1,SYSTEM ADMINISTRATOR,8
1002,AC,,2021-10-16 04:13:43,1 : 1,SYSTEM ADMINISTRATOR,0
1003,AC,,2021-10-16 04:16:24,1 : 1,SYSTEM ADMINISTRATOR,10
1004,AC,,2021-10-16 04:16:38,1 : 1,SYSTEM ADMINISTRATOR,1
1005,AC,,2021-10-16 04:16:44,1 : 1,SYSTEM ADMINISTRATOR,5
1006,AC,,2021-10-16 04:16:51,1 : 1,SYSTEM ADMINISTRATOR,1
1007,AC,,2021-10-16 04:16:58,1 : 1,SYSTEM ADMINISTRATOR,0
1008,AC,,2021-10-16 04:17:04,1 : 1,SYSTEM ADMINISTRATOR,0
1009,AC,,2021-10-16 04:17:11,1 : 1,SYSTEM ADMINISTRATOR,2
1010,AC,,2021-10-16 04:17:19,1 : 1,SYSTEM ADMINISTRATOR,1
1011,AC,,2021-10-16 04:17:26,1 : 1,SYSTEM ADMINISTRATOR,0
1012,AC,,2021-10-16 04:17:29,1 : 1,SYSTEM ADMINISTRATOR,1
1013,AC,,2021-10-16 04:17:41,1 : 1,SYSTEM ADMINISTRATOR,1
1014,AC,,2021-10-16 04:17:45,1 : 1,SYSTEM ADMINISTRATOR,0
1015,AC,,2021-10-16 04:17:52,1 : 1,SYSTEM ADMINISTRATOR,0
1016,AC,,2021-10-16 04:17:58,1 : 1,SYSTEM ADMINISTRATOR,0
1017,AC,,2021-10-16 04:18:03,1 : 1,SYSTEM ADMINISTRATOR,0
1018,AC,,2021-10-16 04:18:10,1 : 1,SYSTEM ADMINISTRATOR,0
1019,AC,,2021-10-17 01:11:30,1 : 1,SYSTEM ADMINISTRATOR,0
1020,AC,,2021-10-17 01:11:35,1 : 1,SYSTEM ADMINISTRATOR,0
1021,AC,,2021-10-17 01:11:45,1 : 1,SYSTEM ADMINISTRATOR,3
1022,AC,,2021-10-17 01:11:49,1 : 1,SYSTEM ADMINISTRATOR,1
1023,AC,,2021-10-17 01:11:56,1 : 1,SYSTEM ADMINISTRATOR,7
1024,AC,,2021-10-17 01:12:02,1 : 1,SYSTEM ADMINISTRATOR,1
1025,AC,,2021-10-17 01:12:12,1 : 1,SYSTEM ADMINISTRATOR,12
1026,AC,,2021-10-17 01:12:15,1 : 1,SYSTEM ADMINISTRATOR,0
1027,AC,,2021-10-17 01:12:22,1 : 1,SYSTEM ADMINISTRATOR,5
1028,AC,,2021-10-17 01:12:26,1 : 1,SYSTEM ADMINISTRATOR,1
1029,AC,,2021-10-17 01:20:25,1 : 1,SYSTEM ADMINISTRATOR,0
1030,AC,,2021-10-17 01:20:29,1 : 1,SYSTEM ADMINISTRATOR,0
1031,AC,,2021-10-17 01:20:32,1 : 1,SYSTEM ADMINISTRATOR,0
1032,AC,,2021-10-17 01:21:12,1 : 1,SYSTEM ADMINISTRATOR,0
1033,AC,,2021-10-17 01:21:16,1 : 1,SYSTEM ADMINISTRATOR,0
1034,AC,,2021-10-17 01:21:40,1 : 1,SYSTEM ADMINISTRATOR,22
1035,AC,,2021-10-17 01:21:49,1 : 1,SYSTEM ADMINISTRATOR,6
1036,AC,,2021-10-17 01:21:57,1 : 1,SYSTEM ADMINISTRATOR,165
1037,AC,,2021-10-17 01:22:00,1 : 1,SYSTEM ADMINISTRATOR,21
1038,AC,,2021-10-17 01:22:08,1 : 1,SYSTEM ADMINISTRATOR,226
1039,AC,,2021-10-17 01:22:13,1 : 1,SYSTEM ADMINISTRATOR,30
1040,AC,,2021-10-17 01:22:24,1 : 1,SYSTEM ADMINISTRATOR,999
1041,AC,,2021-10-17 01:22:29,1 : 1,SYSTEM ADMINISTRATOR,999
1042,AC,,2021-10-17 01:22:39,1 : 1,SYSTEM ADMINISTRATOR,3
1043,AC,,2021-10-17 01:22:41,1 : 1,SYSTEM ADMINISTRATOR,0
1044,AC,,2021-10-17 01:23:36,1 : 1,SYSTEM ADMINISTRATOR,2
1045,AC,,2021-10-17 01:23:39,1 : 1,SYSTEM ADMINISTRATOR,0
1046,AC,,2021-10-17 01:24:18,1 : 1,SYSTEM ADMINISTRATOR,0
1047,AC,,2021-10-17 01:24:22,1 : 1,SYSTEM ADMINISTRATOR,0
1048,AC,,2021-10-17 01:25:19,1 : 1,SYSTEM ADMINISTRATOR,0
1049,AC,,2021-10-17 01:25:23,1 : 1,SYSTEM ADMINISTRATOR,1
1050,AC,,2021-10-17 01:25:32,1 : 1,SYSTEM ADMINISTRATOR,1
1051,AC,,2021-10-17 01:25:35,1 : 1,SYSTEM ADMINISTRATOR,0
1052,AC,,2021-10-17 01:25:41,1 : 1,SYSTEM ADMINISTRATOR,1
1053,AC,,2021-10-17 01:25:44,1 : 1,SYSTEM ADMINISTRATOR,0
1054,AC,,2021-10-17 01:25:50,1 : 1,SYSTEM ADMINISTRATOR,6
1055,AC,,2021-10-17 01:25:54,1 : 1,SYSTEM ADMINISTRATOR,2
1056,AC,,2021-10-17 01:26:01,1 : 1,SYSTEM ADMINISTRATOR,46
1057,AC,,2021-10-17 01:26:06,1 : 1,SYSTEM ADMINISTRATOR,3
1058,AC,,2021-10-17 01:26:12,1 : 1,SYSTEM ADMINISTRATOR,33
1059,AC,,2021-10-17 01:26:15,1 : 1,SYSTEM ADMINISTRATOR,1
1060,AC,,2021-10-17 01:26:21,1 : 1,SYSTEM ADMINISTRATOR,40
1061,AC,,2021-10-17 01:26:25,1 : 1,SYSTEM ADMINISTRATOR,4
1062,AC,,2021-10-17 01:26:31,1 : 1,SYSTEM ADMINISTRATOR,0
1063,AC,,2021-10-17 01:26:35,1 : 1,SYSTEM ADMINISTRATOR,0
1064,AC,,2021-10-17 01:26:56,1 : 1,SYSTEM ADMINISTRATOR,9
1065,AC,,2021-10-17 01:27:03,1 : 1,SYSTEM ADMINISTRATOR,2
1066,AC,,2021-10-17 01:27:10,1 : 1,SYSTEM ADMINISTRATOR,2
1067,AC,,2021-10-17 01:27:13,1 : 1,SYSTEM ADMINISTRATOR,0
1068,AC,,2021-10-17 01:27:19,1 : 1,SYSTEM ADMINISTRATOR,3
1069,AC,,2021-10-17 01:27:22,1 : 1,SYSTEM ADMINISTRATOR,0
1070,AC,,2021-10-17 01:27:27,1 : 1,SYSTEM ADMINISTRATOR,999
1071,AC,,2021-10-17 01:27:32,1 : 1,SYSTEM ADMINISTRATOR,1
1072,AC,,2021-10-17 01:28:48,1 : 1,SYSTEM ADMINISTRATOR,999
1073,AC,,2021-10-17 01:29:08,1 : 1,SYSTEM ADMINISTRATOR,122
1074,AC,,2021-10-17 01:29:26,1 : 1,SYSTEM ADMINISTRATOR,6
1075,AC,,2021-10-17 01:29:33,1 : 1,SYSTEM ADMINISTRATOR,0
1076,AC,,2021-10-17 01:29:39,1 : 1,SYSTEM ADMINISTRATOR,209
1077,AC,,2021-10-17 01:29:50,1 : 1,SYSTEM ADMINISTRATOR,18
1078,AC,,2021-10-17 01:29:56,1 : 1,SYSTEM ADMINISTRATOR,124
1079,AC,,2021-10-17 01:30:04,1 : 1,SYSTEM ADMINISTRATOR,90
1080,AC,,2021-10-17 01:30:10,1 : 1,SYSTEM ADMINISTRATOR,203
1081,AC,,2021-10-17 01:30:17,1 : 1,SYSTEM ADMINISTRATOR,27
1082,AC,,2021-10-17 01:30:24,1 : 1,SYSTEM ADMINISTRATOR,999
1083,AC,,2021-10-17 01:30:32,1 : 1,SYSTEM ADMINISTRATOR,471
1084,AC,,2021-10-17 01:30:40,1 : 1,SYSTEM ADMINISTRATOR,41
1085,AC,,2021-10-17 01:30:47,1 : 1,SYSTEM ADMINISTRATOR,5
1086,AC,,2021-10-17 01:49:02,1 : 1,SYSTEM ADMINISTRATOR,0
1087,AC,,2021-10-17 01:49:06,1 : 1,SYSTEM ADMINISTRATOR,0
1088,AC,,2021-10-17 01:49:45,1 : 1,SYSTEM ADMINISTRATOR,0
1089,AC,,2021-10-17 01:49:48,1 : 1,SYSTEM ADMINISTRATOR,0
1090,AC,,2021-10-17 01:50:01,1 : 1,SYSTEM ADMINISTRATOR,2
1091,AC,,2021-10-17 01:50:04,1 : 1,SYSTEM ADMINISTRATOR,1
1093,AC,,2021-10-30 01:04:42,1 : 1,SYSTEM ADMINISTRATOR,411
1094,AC,,2021-10-30 01:05:12,1 : 1,SYSTEM ADMINISTRATOR,49
1095,AC,,2021-10-30 01:07:24,1 : 1,SYSTEM ADMINISTRATOR,67
1096,AC,,2021-10-30 01:07:31,1 : 1,SYSTEM ADMINISTRATOR,5
1097,AC,,2021-10-30 01:08:57,1 : 1,SYSTEM ADMINISTRATOR,0
1098,AC,,2021-10-30 01:09:00,1 : 1,SYSTEM ADMINISTRATOR,0
1099,AC,,2021-10-30 01:09:03,1 : 1,SYSTEM ADMINISTRATOR,0
1100,AC,,2021-10-30 01:19:48,1 : 1,SYSTEM ADMINISTRATOR,33
1101,AC,,2021-10-30 01:21:42,1 : 1,SYSTEM ADMINISTRATOR,6
1102,AC,,2021-10-30 01:21:56,1 : 1,SYSTEM ADMINISTRATOR,12
1103,AC,,2021-10-30 01:22:02,1 : 1,SYSTEM ADMINISTRATOR,0
1104,AC,,2021-10-30 01:22:08,1 : 1,SYSTEM ADMINISTRATOR,8
1105,AC,,2021-10-30 01:22:14,1 : 1,SYSTEM ADMINISTRATOR,1
1106,AC,,2021-10-30 01:22:19,1 : 1,SYSTEM ADMINISTRATOR,83
1107,AC,,2021-10-30 01:22:25,1 : 1,SYSTEM ADMINISTRATOR,5
1108,AC,,2021-10-30 01:22:30,1 : 1,SYSTEM ADMINISTRATOR,3
1109,AC,,2021-10-30 01:22:36,1 : 1,SYSTEM ADMINISTRATOR,1
1110,AC,,2021-10-30 01:22:43,1 : 1,SYSTEM ADMINISTRATOR,9
1111,AC,,2021-10-30 01:22:49,1 : 1,SYSTEM ADMINISTRATOR,2
1112,AC,,2021-10-30 01:22:55,1 : 1,SYSTEM ADMINISTRATOR,11
1113,AC,,2021-10-30 01:23:00,1 : 1,SYSTEM ADMINISTRATOR,0
1114,AC,,2021-10-30 01:24:10,1 : 1,SYSTEM ADMINISTRATOR,200
1115,AC,,2021-10-30 01:24:20,1 : 1,SYSTEM ADMINISTRATOR,31
1116,AC,,2021-10-30 01:24:26,1 : 1,SYSTEM ADMINISTRATOR,14
1117,AC,,2021-10-30 01:24:31,1 : 1,SYSTEM ADMINISTRATOR,3
1118,AC,,2021-10-30 01:24:37,1 : 1,SYSTEM ADMINISTRATOR,19
1119,AC,,2021-10-30 01:24:41,1 : 1,SYSTEM ADMINISTRATOR,4
1120,AC,,2021-10-30 01:24:47,1 : 1,SYSTEM ADMINISTRATOR,23
1121,AC,,2021-10-30 01:24:53,1 : 1,SYSTEM ADMINISTRATOR,3
1122,AC,,2021-10-30 01:24:58,1 : 1,SYSTEM ADMINISTRATOR,237
1123,AC,,2021-10-30 01:25:04,1 : 1,SYSTEM ADMINISTRATOR,28
1124,AC,,2021-10-30 01:25:10,1 : 1,SYSTEM ADMINISTRATOR,270
1125,AC,,2021-10-30 01:25:16,1 : 1,SYSTEM ADMINISTRATOR,42
1126,AC,,2021-10-30 01:25:22,1 : 1,SYSTEM ADMINISTRATOR,42
1127,AC,,2021-10-30 01:25:28,1 : 1,SYSTEM ADMINISTRATOR,8
1128,AC,,2021-10-30 01:25:34,1 : 1,SYSTEM ADMINISTRATOR,21
1129,AC,,2021-10-30 01:25:39,1 : 1,SYSTEM ADMINISTRATOR,0
1130,AC,,2021-10-30 01:26:02,1 : 1,SYSTEM ADMINISTRATOR,354
1131,AC,,2021-10-30 01:26:09,1 : 1,SYSTEM ADMINISTRATOR,34
1132,AC,,2021-10-30 01:26:14,1 : 1,SYSTEM ADMINISTRATOR,8
1133,AC,,2021-10-30 01:26:19,1 : 1,SYSTEM ADMINISTRATOR,0
1134,AC,,2021-10-30 01:26:34,1 : 1,SYSTEM ADMINISTRATOR,2
1135,AC,,2021-10-30 01:26:39,1 : 1,SYSTEM ADMINISTRATOR,0
1136,AC,,2021-10-30 01:26:48,1 : 1,SYSTEM ADMINISTRATOR,21
1137,AC,,2021-10-30 01:26:57,1 : 1,SYSTEM ADMINISTRATOR,2
1138,AC,,2021-10-30 01:27:09,1 : 1,SYSTEM ADMINISTRATOR,999
1139,AC,,2021-10-30 01:27:18,1 : 1,SYSTEM ADMINISTRATOR,999
1140,AC,,2021-10-30 01:27:25,1 : 1,SYSTEM ADMINISTRATOR,34
1141,AC,,2021-10-30 01:27:32,1 : 1,SYSTEM ADMINISTRATOR,2
1142,AC,,2021-10-30 01:27:38,1 : 1,SYSTEM ADMINISTRATOR,11
1143,AC,,2021-10-30 01:27:44,1 : 1,SYSTEM ADMINISTRATOR,2
1144,AC,,2021-10-30 01:27:53,1 : 1,SYSTEM ADMINISTRATOR,31
1145,AC,,2021-10-30 01:27:59,1 : 1,SYSTEM ADMINISTRATOR,3
1146,AC,,2021-10-30 01:28:05,1 : 1,SYSTEM ADMINISTRATOR,43
1147,AC,,2021-10-30 01:28:18,1 : 1,SYSTEM ADMINISTRATOR,6
1148,AC,,2021-10-30 01:28:26,1 : 1,SYSTEM ADMINISTRATOR,11
1149,AC,,2021-10-30 01:28:31,1 : 1,SYSTEM ADMINISTRATOR,1
1150,AC,,2021-10-30 01:28:52,1 : 1,SYSTEM ADMINISTRATOR,17
1151,AC,,2021-10-30 01:28:59,1 : 1,SYSTEM ADMINISTRATOR,1
1152,AC,,2021-10-30 01:29:06,1 : 1,SYSTEM ADMINISTRATOR,11
1153,AC,,2021-10-30 01:29:13,1 : 1,SYSTEM ADMINISTRATOR,2
1154,AC,,2021-10-30 01:29:21,1 : 1,SYSTEM ADMINISTRATOR,43
1155,AC,,2021-10-30 01:29:27,1 : 1,SYSTEM ADMINISTRATOR,5
1156,AC,,2021-10-30 01:30:54,1 : 1,SYSTEM ADMINISTRATOR,3
1157,AC,,2021-10-30 01:31:01,1 : 1,SYSTEM ADMINISTRATOR,1
1158,AC,,2021-10-30 01:31:07,1 : 1,SYSTEM ADMINISTRATOR,103
1159,AC,,2021-10-30 01:31:14,1 : 1,SYSTEM ADMINISTRATOR,14
1160,AC,,2021-10-30 01:31:28,1 : 1,SYSTEM ADMINISTRATOR,186
1161,AC,,2021-10-30 01:31:34,1 : 1,SYSTEM ADMINISTRATOR,20
1162,AC,,2021-10-30 01:32:58,1 : 1,SYSTEM ADMINISTRATOR,12
1163,AC,,2021-10-30 01:33:05,1 : 1,SYSTEM ADMINISTRATOR,1
1164,AC,,2021-10-30 01:33:10,1 : 1,SYSTEM ADMINISTRATOR,226
1165,AC,,2021-10-30 01:33:16,1 : 1,SYSTEM ADMINISTRATOR,25
1166,AC,,2021-10-30 01:33:22,1 : 1,SYSTEM ADMINISTRATOR,7
1167,AC,,2021-10-30 01:33:55,1 : 1,SYSTEM ADMINISTRATOR,1
1168,AC,,2021-10-30 01:34:04,1 : 1,SYSTEM ADMINISTRATOR,25
1169,AC,,2021-10-30 01:34:12,1 : 1,SYSTEM ADMINISTRATOR,4
1170,AC,,2021-10-30 01:36:54,1 : 1,SYSTEM ADMINISTRATOR,97
1171,AC,,2021-10-30 01:37:00,1 : 1,SYSTEM ADMINISTRATOR,11
1172,AC,,2021-10-30 01:37:05,1 : 1,SYSTEM ADMINISTRATOR,128
1173,AC,,2021-10-30 01:37:11,1 : 1,SYSTEM ADMINISTRATOR,11
1174,AC,,2021-10-30 01:37:18,1 : 1,SYSTEM ADMINISTRATOR,25
1175,AC,,2021-10-30 01:37:24,1 : 1,SYSTEM ADMINISTRATOR,1
1176,AC,,2021-10-30 01:37:32,1 : 1,SYSTEM ADMINISTRATOR,234
1177,AC,,2021-10-30 01:37:38,1 : 1,SYSTEM ADMINISTRATOR,43
1178,AC,,2021-10-30 01:37:44,1 : 1,SYSTEM ADMINISTRATOR,39
1179,AC,,2021-10-30 01:37:51,1 : 1,SYSTEM ADMINISTRATOR,7
1180,AC,,2021-10-30 01:37:57,1 : 1,SYSTEM ADMINISTRATOR,19
1181,AC,,2021-10-30 01:38:04,1 : 1,SYSTEM ADMINISTRATOR,4
1182,AC,,2021-10-30 01:38:16,1 : 1,SYSTEM ADMINISTRATOR,12
1183,AC,,2021-10-30 01:38:21,1 : 1,SYSTEM ADMINISTRATOR,5
1184,AC,,2021-10-30 01:38:26,1 : 1,SYSTEM ADMINISTRATOR,1
1185,AC,,2021-10-30 01:38:32,1 : 1,SYSTEM ADMINISTRATOR,1
1186,AC,,2021-10-30 01:38:39,1 : 1,SYSTEM ADMINISTRATOR,24
1187,AC,,2021-10-30 01:38:45,1 : 1,SYSTEM ADMINISTRATOR,4
1188,AC,,2021-10-30 01:38:50,1 : 1,SYSTEM ADMINISTRATOR,11
1189,AC,,2021-10-30 01:38:55,1 : 1,SYSTEM ADMINISTRATOR,2
